session_id,participant_id,status,started_datetime,completed_date_time,time_taken,age,num_approvals,num_rejections,prolific_score,reviewed_at_datetime,entered_code,Country of Birth,Current Country of Residence,Employment Status,Employment-Sector,First Language,Fluent languages,Industry,Nationality,Sex,Student Status
6124699d3df8d8d6e8ce334b,61212beefffd07317f07b55a,APPROVED,2021-08-24 03:38:08.146000,2021-08-24 03:46:09.560000,481.414,22,43,0,100,2021-08-25 15:48:16.441000,14E92B13,United States,United States,Full-Time,Education & Training,English,English,Primary/Secondary (K-12) Education,United States,Female,Yes
612476804241ac935d23c87c,61137445c179a2570c7be95a,APPROVED,2021-08-24 04:33:17.538000,2021-08-24 04:40:34.861000,437.323,45,93,0,100,2021-08-25 15:48:16.521000,14E92B13,United States,United States,Full-Time,Education & Training,English,English,Primary/Secondary (K-12) Education,United States,Female,No
61247b448b0174bfd0967596,6102d3c05c31cb5c38158b34,APPROVED,2021-08-24 04:53:27.454000,2021-08-24 05:00:17.573000,410.119,30,66,0,100,2021-08-25 15:48:16.592000,14E92B13,United States,United States,Full-Time,Education & Training,English,English,Primary/Secondary (K-12) Education,United States,Female,Yes
6124827bac73a3025729f5da,610b88a14eed14f2b8b17b86,APPROVED,2021-08-24 05:24:28.625000,2021-08-24 05:31:48.212000,439.587,22,46,0,100,2021-08-25 15:48:16.666000,14E92B13,United States,United States,Part-Time,Education & Training,English,English,Primary/Secondary (K-12) Education,United States,Female,Yes
612489c1a8c49007666b059e,610c24152939c927ad421fa9,APPROVED,2021-08-24 05:55:50.597000,2021-08-24 06:01:27.560000,336.963,29,72,0,100,2021-08-25 15:48:16.749000,14E92B13,United States,United States,Full-Time,Education & Training,English,English,Primary/Secondary (K-12) Education,United States,Female,No
61248dbb31e287fd5cb5e5b1,60fd5178af4a40ee405f57cf,APPROVED,2021-08-24 06:12:15.236000,2021-08-24 06:21:20.068000,544.832,20,100,0,100,2021-08-25 15:48:16.843000,14E92B13,United States,United States,Part-Time,Education & Training,English,English,Primary/Secondary (K-12) Education,United States,Female,Yes
61248f0bb7c4c971d19ac14d,60fc576e3a4df1ba622a76a1,APPROVED,2021-08-24 06:19:28.583000,2021-08-24 06:28:22.083000,533.5,21,46,0,100,2021-08-25 15:48:16.928000,14E92B13,United States,United States,Part-Time,Education & Training,English,English,Primary/Secondary (K-12) Education,United States,Female,Yes
6124911180819530a3111489,6108bae61196a3bd6fc3a24b,APPROVED,2021-08-24 06:26:53.921000,2021-08-24 06:34:00.412000,426.491,27,294,0,100,2021-08-25 15:48:16.999000,14E92B13,United States,United States,Part-Time,Education & Training,English,English,Primary/Secondary (K-12) Education,United States,Female,No
61249375eda863f07cca43cb,60fd0dd1b8b6c7057d178986,APPROVED,2021-08-24 06:36:41.967000,2021-08-24 06:48:28.826000,706.859,25,143,1,100,2021-08-25 15:48:17.097000,14E92B13,United States,United States,Full-Time,Social Sciences,Spanish,"English, Spanish",Primary/Secondary (K-12) Education,United States,Female,Yes
61249beaedeb89ca8b57c81d,60fccfdfca84a3d72d503c85,TIMED-OUT,2021-08-24 07:12:42.793000,,12404092.225773,23,65,0,100,,,United States,United States,Part-Time,Education & Training,English,"English, Spanish",Primary/Secondary (K-12) Education,United States,Female,Yes
61249c5bedf9cdaf8bc276bb,610dd9b10888c8a8801619d0,APPROVED,2021-08-24 07:14:35.607000,2021-08-24 07:23:00.766000,505.159,27,41,1,99,2021-08-25 15:48:17.191000,14E92B13,United States,United States,Full-Time,Education & Training,English,English,Primary/Secondary (K-12) Education,United States,Male,No
61249e5461b211a50f01cf52,5a5547f9eedc3200014235ed,APPROVED,2021-08-24 07:23:03.378000,2021-08-24 07:24:48.161000,104.783,42,411,5,98,2021-08-25 17:52:48.708000,14E92B13,United States,United States,DATA EXPIRED,Education & Training,English,English,Primary/Secondary (K-12) Education,United States,Male,DATA EXPIRED
6124b02eef0e3a1a1bbaa4f4,60fe250b3984cfdf32c05860,APPROVED,2021-08-24 08:39:16.181000,2021-08-24 08:47:18.383000,482.202,51,145,2,99,2021-08-25 15:48:17.276000,14E92B13,United States,United States,Full-Time,Education & Training,English,English,Primary/Secondary (K-12) Education,United States,Female,No
6124b8dc821ea264d521c687,60fd4b01d7a25b34ca38a180,APPROVED,2021-08-24 09:16:14.236000,2021-08-24 09:21:36.461000,322.225,37,222,0,100,2021-08-25 15:48:17.370000,14E92B13,United States,United States,Part-Time,Education & Training,English,English,Primary/Secondary (K-12) Education,United States,Female,No
6124ba6e3ea42872cacc2531,6116299415b3c97fce115cf2,APPROVED,2021-08-24 09:29:24.131000,2021-08-24 09:38:40.770000,556.639,,35,0,100,2021-08-25 15:48:17.446000,14E92B13,DATA EXPIRED,DATA EXPIRED,DATA EXPIRED,DATA EXPIRED,DATA EXPIRED,DATA EXPIRED,DATA EXPIRED,DATA EXPIRED,DATA EXPIRED,DATA EXPIRED
6124bbe56f4981e16ee7d539,60fe7d3d92c313944b747465,APPROVED,2021-08-24 09:30:03.674000,2021-08-24 09:41:28.823000,685.149,,45,0,100,2021-08-25 15:48:17.525000,14E92B13,DATA EXPIRED,DATA EXPIRED,DATA EXPIRED,DATA EXPIRED,DATA EXPIRED,DATA EXPIRED,DATA EXPIRED,DATA EXPIRED,DATA EXPIRED,DATA EXPIRED
6124beda88f305f2ed575c77,60fd5818ca3355de7e2d90d1,APPROVED,2021-08-24 09:41:50.017000,2021-08-24 09:48:40.787000,410.77,41,243,3,99,2021-08-25 15:48:17.599000,14E92B13,United States,United States,Full-Time,Education & Training,English,English,Primary/Secondary (K-12) Education,United States,Female,No
6124c027bb95528d32272c25,5f2d53adba96c505ddce8cca,APPROVED,2021-08-24 09:47:22.780000,2021-08-24 09:51:28.371000,245.591,27,285,0,100,2021-08-25 15:48:17.669000,14E92B13,United States,United States,DATA EXPIRED,Education & Training,English,English,Primary/Secondary (K-12) Education,United States,Male,DATA EXPIRED
6124c1529c1580d6f064bea1,610838e9e68b5ba7d2717e63,APPROVED,2021-08-24 09:54:22.241000,2021-08-24 10:11:37.541000,1035.3,28,118,1,100,2021-08-25 15:48:17.751000,14E92B13,United States,United States,Full-Time,Education & Training,English,"Greek, English",Primary/Secondary (K-12) Education,United States,Female,No
6124c395526ecb5748de220a,60fef598fdc5d86a5918c7df,APPROVED,2021-08-24 10:01:59.825000,2021-08-24 10:09:38.491000,458.666,33,335,0,100,2021-08-25 15:48:17.835000,14E92B13,United States,United States,Full-Time,Education & Training,English,English,Primary/Secondary (K-12) Education,United States,Female,No
6124c42693df12fbbf6b879a,60fee6ca918d04eb1c492078,APPROVED,2021-08-24 10:04:26.991000,2021-08-24 10:13:54.170000,567.179,27,306,2,99,2021-08-25 15:48:17.909000,14E92B13,United States,United States,Full-Time,Education & Training,English,English,Primary/Secondary (K-12) Education,United States,Female,No
6124c77c1b230dc2af75322c,6115232b586ef6f12d4944dd,APPROVED,2021-08-24 10:20:22.612000,2021-08-24 10:47:09.533000,1606.921,34,85,0,100,2021-08-25 15:48:17.998000,14E92B13,United States,United States,Full-Time,Education & Training,English,English,Primary/Secondary (K-12) Education,United States,Female,No
6124cd5fce93224e19f0a0f3,60fd618ec39088d5f4f138e3,APPROVED,2021-08-24 10:43:45.619000,2021-08-24 10:57:48.723000,843.104,27,41,0,100,2021-08-25 15:48:18.080000,14E92B13,United States,United States,Full-Time,Education & Training,English,English,Primary/Secondary (K-12) Education,United States,Female,No
6124ce8c4b2fcc1f7391be0d,60fef1bee56d971913cc3f7f,REJECTED,2021-08-24 10:48:44.529000,2021-08-24 10:52:22.772000,218.243,23,246,6,94,2021-08-25 15:43:45.457000,14E92B13,United States,United States,Full-Time,Education & Training,English,English,Primary/Secondary (K-12) Education,United States,Female,No
6124d0f18730be488ce6e041,60fe090e38f969ce1f8ee8a4,APPROVED,2021-08-24 11:04:17.689000,2021-08-24 11:12:42.151000,504.462,33,92,0,100,2021-08-25 15:48:18.200000,14E92B13,United States,United States,Full-Time,Education & Training,English,English,DATA EXPIRED,United States,Female,No
6124d2d1796e5c0dbde0dd80,61084b98e85644a25d8bb049,APPROVED,2021-08-24 11:12:11.977000,2021-08-24 11:18:20.073000,368.096,29,128,1,100,2021-08-25 15:48:18.322000,14E92B13,United States,United States,Full-Time,Education & Training,English,English,Primary/Secondary (K-12) Education,United States,Female,No
6124d32b3e19597cf2d34c3e,60fcd2e26a72c518d0b60738,REJECTED,2021-08-24 11:08:27.525000,2021-08-24 11:12:25.513000,237.988,45,381,7,97,2021-08-25 15:44:56.617000,14E92B13,United States,United States,Full-Time,Education & Training,English,English,Primary/Secondary (K-12) Education,United States,Female,No
6124d4ca3398d1552afbee66,60fccd4c1db45fe7be035e56,APPROVED,2021-08-24 11:15:24.059000,2021-08-24 11:22:13.473000,409.414,32,265,0,100,2021-08-25 15:48:18.416000,14E92B13,United States,United States,Full-Time,Education & Training,English,English,Primary/Secondary (K-12) Education,United States,Female,No
6124d51fa6a926f3899f43a9,61016201d4d3b40d406514cf,APPROVED,2021-08-24 11:16:49.789000,2021-08-24 11:21:45.213000,295.424,26,86,0,100,2021-08-25 15:48:18.492000,14E92B13,United States,United States,Full-Time,Education & Training,English,English,Primary/Secondary (K-12) Education,United States,Female,No
6124d5dd4cdb88f202de62d7,6109a9a4ce69622233e2d6c0,APPROVED,2021-08-24 11:19:57.793000,2021-08-24 11:27:50.778000,472.985,21,161,0,100,2021-08-25 15:48:18.601000,14E92B13,United States,United States,Part-Time,Education & Training,English,English,Primary/Secondary (K-12) Education,United States,Female,Yes
6124d7276747ad1a7e053dfb,6108b64c1d964c0a3faf4e29,APPROVED,2021-08-24 11:25:32.235000,2021-08-24 11:33:19.138000,466.903,37,136,2,98,2021-08-25 15:48:18.698000,14E92B13,United States,United States,Full-Time,Education & Training,English,English,Primary/Secondary (K-12) Education,United States,Female,No
6124d7bed136281a5a5a1182,611250ffb098d7c751be57a0,APPROVED,2021-08-24 11:27:58.805000,2021-08-24 11:33:42.901000,344.096,30,34,1,100,2021-08-25 15:48:18.791000,14E92B13,United States,United States,Full-Time,Education & Training,English,English,Primary/Secondary (K-12) Education,United States,Female,No
6124d816b70607b03fd7fd54,60f8d9621d5d71645a1cd5a7,APPROVED,2021-08-24 11:33:30.606000,2021-08-24 11:40:01.629000,391.023,41,514,1,100,2021-08-25 15:48:18.870000,14E92B13,United States,United States,Full-Time,Education & Training,English,English,Primary/Secondary (K-12) Education,United States,Male,No
6124d8907185291d29b1fb21,6109631e0de937d75470c384,APPROVED,2021-08-24 11:31:32.322000,2021-08-24 11:36:58.011000,325.689,23,134,0,100,2021-08-25 15:48:18.949000,14E92B13,United States,United States,Part-Time,Education & Training,Chinese,English,Primary/Secondary (K-12) Education,United States,Female,No
6124da5d249679e038143a54,6110af22d84e8b4c36b2f254,APPROVED,2021-08-24 11:39:23.644000,2021-08-24 11:47:43.744000,500.1,30,331,1,100,2021-08-25 15:48:19.033000,14E92B13,United States,United States,Full-Time,Education & Training,English,"English, Spanish",Primary/Secondary (K-12) Education,United States,Female,No
6124db5a1341f005660b3bf4,60fcced852208b94f9041477,REJECTED,2021-08-24 11:43:26.138000,2021-08-24 11:46:57.744000,211.606,26,142,3,99,2021-08-25 15:42:47.557000,14E92B13,United States,United States,Full-Time,Education & Training,English,English,Primary/Secondary (K-12) Education,United States,Female,Yes
6124dc46a8e9d6359141e26b,60f0b657628e906da13ac546,APPROVED,2021-08-24 11:47:23.170000,2021-08-24 11:53:52.438000,389.268,48,249,2,100,2021-08-25 15:48:19.122000,14E92B13,United States,United States,DATA EXPIRED,Education & Training,English,English,Primary/Secondary (K-12) Education,United States,Male,DATA EXPIRED
6124dc51b3db444a0b78d834,6111019fa0309f48dad1e391,REJECTED,2021-08-24 11:47:34.505000,2021-08-24 11:51:32.410000,237.905,26,28,1,96,2021-08-25 15:45:09.709000,14E92B13,United States,United States,Full-Time,Education & Training,English,English,Primary/Secondary (K-12) Education,United States,Female,No
6124dcb370f2e49b00c0307f,61044773fe9cb608c4945244,APPROVED,2021-08-24 11:52:34.769000,2021-08-24 12:04:54.548000,739.779,52,212,1,100,2021-08-25 15:48:19.217000,14E92B13,United States,United States,Full-Time,Education & Training,English,English,Primary/Secondary (K-12) Education,United States,Female,No
6124dd61b9bca638cbdae9ab,60fd82c409b4baa52c9c1bf1,APPROVED,2021-08-24 11:52:04.801000,2021-08-24 11:59:48.460000,463.659,41,116,0,100,2021-08-25 15:48:19.301000,14E92B13,United States,United States,Part-Time,Education & Training,English,English,Primary/Secondary (K-12) Education,United States,Female,No
6124df3537e7dc4f2d62c907,611161779f64723eec0e9f81,APPROVED,2021-08-24 11:59:51.419000,2021-08-24 12:04:46.765000,295.346,26,375,0,100,2021-08-25 15:48:19.379000,14E92B13,United States,United States,Full-Time,Education & Training,English,English,Primary/Secondary (K-12) Education,United States,Female,No
6124dfa968b567d8d1d0745e,61153ff0cde779806635dafb,APPROVED,2021-08-24 12:02:00.956000,2021-08-24 12:11:31.476000,570.52,28,161,0,100,2021-08-25 15:48:19.457000,14E92B13,United States,United States,Full-Time,Education & Training,English,English,Primary/Secondary (K-12) Education,United States,Female,No
6124e0551df07fb65ed6c1d9,60fec671ccb217533f5d976d,APPROVED,2021-08-24 12:04:39.648000,2021-08-24 12:17:55.124000,795.476,29,423,1,100,2021-08-25 15:48:19.537000,14E92B13,United States,United States,Full-Time,Education & Training,English,English,Primary/Secondary (K-12) Education,United States,Female,No
6124e0ef34b84bec269cd528,6102c40030be0b03a90276a1,APPROVED,2021-08-24 12:07:17.272000,2021-08-24 12:16:23.195000,545.923,24,139,0,100,2021-08-25 15:48:19.611000,14E92B13,United States,United States,Full-Time,Education & Training,English,English,Primary/Secondary (K-12) Education,United States,Female,No
6124e164b6495ff5c59c2a7e,610773529b6ed4abe44cd28d,APPROVED,2021-08-24 12:09:08.433000,2021-08-24 12:22:17.006000,788.573,32,94,0,100,2021-08-25 15:48:19.715000,14E92B13,United States,United States,Full-Time,Education & Training,English,English,Primary/Secondary (K-12) Education,United States,Female,No
6124e1a041c4244821190ed2,61082f02c1d940bbb8c0f8d8,APPROVED,2021-08-24 12:11:23.356000,2021-08-24 12:18:48.577000,445.221,25,71,0,100,2021-08-25 15:48:19.795000,14E92B13,United States,United States,Full-Time,Education & Training,English,English,Primary/Secondary (K-12) Education,United States,Female,No
6124e396a55936652fe5beea,60fcdf04d033481fde0e2298,APPROVED,2021-08-24 12:18:32.106000,2021-08-24 12:23:52.707000,320.601,28,309,0,100,2021-08-25 15:48:19.873000,14E92B13,United States,United States,Full-Time,Education & Training,English,English,Primary/Secondary (K-12) Education,United States,Female,No
6124e3afa248a9e6093d6638,60fccf6ae5091da95d953065,APPROVED,2021-08-24 12:21:01.013000,2021-08-24 12:32:36.266000,695.253,34,130,0,100,2021-08-25 15:48:19.964000,14E92B13,United States,United States,Full-Time,Education & Training,English,English,Primary/Secondary (K-12) Education,United States,Female,No
6124e4581b83151e6f6ca618,60e3c37fc7d2b819c3f3c45f,APPROVED,2021-08-24 12:21:48.147000,2021-08-24 12:35:31.793000,823.646,40,205,0,100,2021-08-25 15:48:20.035000,14E92B13,United States,United States,DATA EXPIRED,Education & Training,English,English,Primary/Secondary (K-12) Education,United States,Male,DATA EXPIRED
6124e5de9188d405ecfc7ccb,60fd824309d4771826bfcfec,APPROVED,2021-08-24 12:29:04.697000,2021-08-24 12:34:47.387000,342.69,32,328,0,100,2021-08-25 15:48:20.119000,14E92B13,United States,United States,Full-Time,Education & Training,English,English,Primary/Secondary (K-12) Education,United States,Female,No
6124e8096a6e00c744e4beef,61001e0da44d884fa49cd3b6,APPROVED,2021-08-24 12:43:24.616000,2021-08-24 12:55:18.549000,713.933,23,99,0,100,2021-08-25 15:48:20.204000,14E92B13,United States,United States,Full-Time,Education & Training,English,English,Primary/Secondary (K-12) Education,United States,Female,Yes
6124e886594821ded4542731,610a40ffbf11d261514a7c0a,REJECTED,2021-08-24 12:39:37.313000,2021-08-24 12:43:03.245000,205.932,36,438,6,98,2021-08-25 15:41:54.080000,14E92B13,United States,United States,Full-Time,Education & Training,English,English,Primary/Secondary (K-12) Education,United States,Female,No
6124e947333990bad2810e98,6121dcbc616a3dcb6aaceefb,APPROVED,2021-08-24 12:45:04.683000,2021-08-24 12:52:08.979000,424.296,24,197,1,100,2021-08-25 15:48:20.309000,14E92B13,United States,United States,Full-Time,Education & Training,English,English,Primary/Secondary (K-12) Education,United States,Female,No
6124e952d534d044081a6534,61002911760c6e19aa300503,APPROVED,2021-08-24 12:43:25.265000,2021-08-24 12:49:31.225000,365.96,24,67,1,100,2021-08-25 15:48:20.384000,14E92B13,United States,United States,Full-Time,Education & Training,English,"English, Spanish",Primary/Secondary (K-12) Education,United States,Female,No
6124e9c093611a253297fa8a,61153b4617feec5d5b18613a,APPROVED,2021-08-24 12:44:50.708000,2021-08-24 12:49:21.592000,270.884,27,335,1,100,2021-08-25 15:48:20.457000,14E92B13,United States,United States,Full-Time,Education & Training,English,English,Primary/Secondary (K-12) Education,United States,Female,No
6124ea4668630537230dc226,610b4cc023a7aaa7f7374288,APPROVED,2021-08-24 12:47:05.260000,2021-08-24 13:06:12.870000,1147.61,30,115,0,100,2021-08-25 15:48:20.548000,14E92B13,United States,United States,Full-Time,Education & Training,English,English,Primary/Secondary (K-12) Education,United States,Female,Yes
6124ea46fcf94c2f2caa3fd5,5f1b2a0146ce431186055813,APPROVED,2021-08-24 12:47:19.367000,2021-08-24 12:53:51.726000,392.359,38,805,1,100,2021-08-25 15:48:20.616000,14E92B13,United States,United States,DATA EXPIRED,Education & Training,English,English,Primary/Secondary (K-12) Education,United States,Male,DATA EXPIRED
6124eacd83f5b0ef4f145fbb,61111e62a241cd74a98e16bf,APPROVED,2021-08-24 12:49:21.517000,2021-08-24 12:55:28.423000,366.906,24,344,0,100,2021-08-25 15:48:20.697000,14E92B13,United States,United States,Full-Time,Education & Training,English,English,Primary/Secondary (K-12) Education,United States,Male,No
6124eb0cbc23f0bd318c3d1b,610daaff85f91115ca6322b5,APPROVED,2021-08-24 12:50:20.759000,2021-08-24 13:04:17.790000,837.031,21,148,0,100,2021-08-25 15:48:20.764000,14E92B13,United States,United States,Part-Time,Education & Training,English,English,Primary/Secondary (K-12) Education,United States,Female,Yes
6124eb9095184945fac7f58d,61180343654a39aad6be2771,REJECTED,2021-08-24 12:52:34.650000,2021-08-24 12:56:23.688000,229.038,27,317,3,99,2021-08-25 15:44:44.463000,14E92B13,United States,United States,Full-Time,Education & Training,English,English,Primary/Secondary (K-12) Education,United States,Female,No
6124ebbffdb3c95188001777,61074b165713a32de9306468,REJECTED,2021-08-24 12:53:19.227000,2021-08-24 12:57:07.140000,227.913,30,332,5,99,2021-08-25 15:44:01.300000,14E92B13,United States,United States,Full-Time,Education & Training,English,English,Primary/Secondary (K-12) Education,United States,Female,No
6124ec5078bc608fab595131,5ff5f7ad932d56101bf7c90d,APPROVED,2021-08-24 12:55:54.512000,2021-08-24 13:00:11.522000,257.01,46,604,0,100,2021-08-25 15:48:20.846000,14E92B13,United States,United States,Full-Time,Education & Training,English,"English, Spanish",Primary/Secondary (K-12) Education,United States,Male,No
6124ec9c7dac703bb7fcf88f,60fdefe1ed12b66d6493a0b1,APPROVED,2021-08-24 12:57:18.816000,2021-08-24 13:06:48.115000,569.299,30,97,0,100,2021-08-25 15:48:20.911000,14E92B13,United States,United States,Full-Time,Education & Training,English,English,Primary/Secondary (K-12) Education,United States,Female,No
6124ed005c0b3155a3ce489a,6116d3ba326d61382bc56a7c,APPROVED,2021-08-24 12:58:42.486000,2021-08-24 13:10:24.474000,701.988,28,47,0,100,2021-08-25 15:48:20.992000,14E92B13,United States,United States,Full-Time,Education & Training,English,English,Primary/Secondary (K-12) Education,United States,Female,No
6124ee01335df95bf7b24654,60ff03bff7510240e42ea366,APPROVED,2021-08-24 13:02:59.933000,2021-08-24 13:10:18.599000,438.666,20,240,1,100,2021-08-25 15:48:21.060000,14E92B13,United States,United States,Part-Time,Education & Training,English,English,Primary/Secondary (K-12) Education,United States,Female,Yes
6124ee3f5bfcf87ca6dcdb3b,6101fc6ff8a73b1e0e3aee6e,APPROVED,2021-08-24 13:03:59.413000,2021-08-24 13:15:55.741000,716.328,28,66,0,100,2021-08-25 15:48:21.143000,14E92B13,United States,United States,Full-Time,Education & Training,English,English,Primary/Secondary (K-12) Education,United States,Female,No
6124ee50e4f524c8f4136796,60f0c5cf582edfdc93cc6ee6,APPROVED,2021-08-24 13:04:16.102000,2021-08-24 13:16:04.439000,708.337,40,126,0,100,2021-08-25 15:48:21.221000,14E92B13,United States,United States,DATA EXPIRED,Education & Training,Chinese,English,Primary/Secondary (K-12) Education,United States,Male,No
6124ee639f395be4700a4531,6104b1c50f6057c1d8a6e3a6,APPROVED,2021-08-24 13:04:52.444000,2021-08-24 13:14:14.981000,562.537,26,340,0,100,2021-08-25 15:48:21.280000,14E92B13,United States,United States,Full-Time,Education & Training,English,English,Primary/Secondary (K-12) Education,United States,Female,No
6124f0da6bb50af271d24e5f,5ea9d795dec14d13eb7af3d9,APPROVED,2021-08-24 13:15:14.875000,2021-08-24 13:22:06.993000,412.118,31,991,1,100,2021-08-25 15:48:21.350000,14E92B13,United States,United States,Full-Time,Education & Training,English,English,Primary/Secondary (K-12) Education,United States,Male,No
6124f1a83535b7d2757a6495,60c8aa03407799c6046d5b27,APPROVED,2021-08-24 13:18:37.994000,2021-08-24 13:23:59.709000,321.715,33,560,3,100,2021-08-25 15:48:21.442000,14E92B13,United States,United States,DATA EXPIRED,Education & Training,English,English,Primary/Secondary (K-12) Education,United States,Male,DATA EXPIRED
6124f21005ee03a1d7e2ee99,589a46af57995d0001a8a03a,APPROVED,2021-08-24 13:21:21.506000,2021-08-24 13:31:50.229000,628.723,41,1815,2,100,2021-08-25 15:48:21.514000,14E92B13,United States,United States,DATA EXPIRED,Education & Training,English,English,Primary/Secondary (K-12) Education,United States,Female,DATA EXPIRED
6124f2a4f431bdddd6e80511,6106fbbcd52909fe5cc2fc8e,APPROVED,2021-08-24 13:24:23.693000,2021-08-24 13:34:31.204000,607.511,28,136,0,100,2021-08-25 15:48:21.584000,14E92B13,United States,United States,Full-Time,Education & Training,English,English,Primary/Secondary (K-12) Education,United States,Female,Yes
6124f2ca5a31086b8e578407,5eeb4ce97b8d292ad3e048d1,REJECTED,2021-08-24 13:23:25.197000,2021-08-24 13:26:56.201000,211.004,29,202,1,100,2021-08-25 15:43:10.713000,14E92B13,United States,United States,DATA EXPIRED,Education & Training,English,English,Primary/Secondary (K-12) Education,United States,Male,DATA EXPIRED
6124f438c584e7136fdca6c0,61083ecce6a22d1d5f57fb99,REJECTED,2021-08-24 13:29:31.602000,2021-08-24 13:33:19.220000,227.618,26,52,1,100,2021-08-25 15:44:16.859000,14E92B13,United States,United States,Full-Time,Education & Training,English,English,Primary/Secondary (K-12) Education,United States,Female,No
6124f4c101af2a11378be046,5f3678f5997c28018ad180d5,APPROVED,2021-08-24 13:31:45.412000,2021-08-24 13:37:03.060000,317.648,61,716,4,99,2021-08-25 15:48:21.686000,14E92B13,United States,United States,DATA EXPIRED,Education & Training,English,English,Primary/Secondary (K-12) Education,United States,Female,DATA EXPIRED
6124f51c69d93203edb377e6,61099e438a2f56f2770b7cd2,APPROVED,2021-08-24 13:33:18.646000,2021-08-24 13:44:19.966000,661.32,19,254,0,100,2021-08-25 15:48:21.754000,14E92B13,United States,United States,Part-Time,Education & Training,English,English,Primary/Secondary (K-12) Education,United States,Female,Yes
6124f5dfed2cb4e3fc401657,60fe1f59fde1156e1cb4ebac,APPROVED,2021-08-24 13:36:31.552000,2021-08-24 13:49:40.361000,788.809,25,110,0,100,2021-08-25 15:48:21.827000,14E92B13,United States,United States,Part-Time,Education & Training,English,English,Primary/Secondary (K-12) Education,United States,Female,Yes
6124f6f7b673f7dd1cd8d1da,60cf7074e1ea52a0f3450346,RETURNED,2021-08-24 13:41:11.683000,,12380784.816462,29,332,1,100,,,CONSENT REVOKED,CONSENT REVOKED,CONSENT REVOKED,CONSENT REVOKED,CONSENT REVOKED,CONSENT REVOKED,CONSENT REVOKED,CONSENT REVOKED,CONSENT REVOKED,CONSENT REVOKED
6124f790c1ada7dc9c8659e0,6108426bd39f8e544c7389b4,APPROVED,2021-08-24 13:43:46.778000,2021-08-24 13:47:13.509000,206.731,28,127,0,100,2021-08-25 17:30:50.686000,14E92B13,United States,United States,Full-Time,Education & Training,English,English,Primary/Secondary (K-12) Education,United States,Female,No
6124f7c308fe333ad2f49468,611d0a43b1af85d84397cef4,APPROVED,2021-08-24 13:44:39.575000,2021-08-24 13:52:39.799000,480.224,42,185,1,100,2021-08-25 15:48:21.917000,14E92B13,United States,United States,Full-Time,Education & Training,English,English,Primary/Secondary (K-12) Education,United States,Female,No
6124f7f68ef634ce9f6ead1e,61092cb7df4d2fc337a9da17,APPROVED,2021-08-24 13:45:33.799000,2021-08-24 13:51:49.676000,375.877,48,93,0,100,2021-08-25 15:48:21.995000,14E92B13,United States,United States,Full-Time,Education & Training,English,English,Primary/Secondary (K-12) Education,United States,Female,No
6124f8065e0c12527dd59d44,60fe2a53ece9102510fd8b0a,APPROVED,2021-08-24 13:49:38.400000,2021-08-24 13:58:13.581000,515.181,24,115,1,100,2021-08-25 15:48:22.057000,14E92B13,United States,United States,Part-Time,Education & Training,English,English,Primary/Secondary (K-12) Education,United States,Female,Yes
6124f8170e9cd54527421e2c,5d83bad85007ec0017fdb30a,RETURNED,2021-08-24 13:46:06.377000,,12380490.203973,49,791,6,99,,,CONSENT REVOKED,CONSENT REVOKED,CONSENT REVOKED,CONSENT REVOKED,CONSENT REVOKED,CONSENT REVOKED,CONSENT REVOKED,CONSENT REVOKED,CONSENT REVOKED,CONSENT REVOKED
6124f840bc412393fcd42a0f,60fd5a1b32fececd5202d136,APPROVED,2021-08-24 13:46:43.206000,2021-08-24 13:58:00.869000,677.663,38,125,0,100,2021-08-25 15:48:22.131000,14E92B13,United States,United States,Full-Time,Education & Training,English,English,Primary/Secondary (K-12) Education,United States,Female,No
6124f8501d35fc4a2b9d7aeb,6100585b680d2abd8cb7c5c1,TIMED-OUT,2021-08-24 13:46:56.920000,,12380439.695851,25,13,0,100,,,United States,United States,Full-Time,Education & Training,Spanish,"English, Spanish",Primary/Secondary (K-12) Education,United States,Female,No
6124f85f8ddb393dcf046960,610ee7e00cc2cae08268f205,APPROVED,2021-08-24 13:47:16.412000,2021-08-24 13:54:05.264000,408.852,24,162,4,97,2021-08-25 15:48:22.207000,14E92B13,United States,United States,Full-Time,Education & Training,English,English,Primary/Secondary (K-12) Education,United States,Female,No
6124f8608d30fcadebf7437f,60fec0b1a0df393b44966730,REJECTED,2021-08-24 13:47:37.669000,2021-08-24 13:50:54.403000,196.734,26,48,1,100,2021-08-25 15:41:38.304000,14E92B13,United States,United States,Full-Time,Education & Training,English,English,Primary/Secondary (K-12) Education,United States,Female,No
6124f8dc483f8b5339fc651d,60c8a64af15aea59cfb1efb0,APPROVED,2021-08-24 13:49:19.767000,2021-08-24 13:57:59.097000,519.33,24,43,0,100,2021-08-25 15:48:22.295000,14E92B13,United States,United States,DATA EXPIRED,Education & Training,English,English,Primary/Secondary (K-12) Education,United States,Male,DATA EXPIRED
6124f8f331011f2c808e9693,60fe28ee2bd685120c459dee,APPROVED,2021-08-24 13:49:39.192000,2021-08-24 13:56:53.500000,434.308,25,155,1,99,2021-08-25 15:48:22.376000,14E92B13,United States,United States,Full-Time,Education & Training,English,English,Primary/Secondary (K-12) Education,United States,Female,Yes
6124f904595fa6766c42b0ac,60fd99d6b231875018e5461e,APPROVED,2021-08-24 13:49:57.945000,2021-08-24 13:54:02.201000,244.256,29,57,0,100,2021-08-25 15:48:22.434000,14E92B13,United States,United States,Full-Time,Education & Training,English,English,Primary/Secondary (K-12) Education,United States,Female,Yes
6124f95b982182cda00fc148,5e7c021e2b00612482e357fc,APPROVED,2021-08-24 13:51:33.534000,2021-08-24 13:58:18.795000,405.261,44,1391,12,98,2021-08-25 15:48:22.496000,14E92B13,United States,United States,Full-Time,Education & Training,English,English,Primary/Secondary (K-12) Education,United States,Male,No
6124f98f7094c205d504e98b,60fcd8a2f65ff33a1f4529fd,RETURNED,2021-08-24 13:52:17.563000,,12380119.163477,60,380,2,100,,,CONSENT REVOKED,CONSENT REVOKED,CONSENT REVOKED,CONSENT REVOKED,CONSENT REVOKED,CONSENT REVOKED,CONSENT REVOKED,CONSENT REVOKED,CONSENT REVOKED,CONSENT REVOKED
6124fa040099ba4c38c17449,610824959b488e57fa8a4a33,RETURNED,2021-08-24 14:04:14.604000,,12379402.138413,45,405,3,100,,,CONSENT REVOKED,CONSENT REVOKED,CONSENT REVOKED,CONSENT REVOKED,CONSENT REVOKED,CONSENT REVOKED,CONSENT REVOKED,CONSENT REVOKED,CONSENT REVOKED,CONSENT REVOKED
6124fab68dc8b4b2e29d0125,5e79352ea4d7d30d65532c51,APPROVED,2021-08-24 13:57:36.372000,2021-08-24 14:02:23.340000,286.968,28,1535,0,100,2021-08-25 15:48:22.584000,14E92B13,United States,United States,Full-Time,Education & Training,English,English,Primary/Secondary (K-12) Education,United States,Female,No
6124fada704eb4094ee8da0f,610833cc23f080f337802603,APPROVED,2021-08-24 13:57:46.027000,2021-08-24 14:12:09.353000,863.326,30,17,0,100,2021-08-25 15:48:22.681000,14E92B13,United States,United States,Full-Time,Education & Training,English,English,Primary/Secondary (K-12) Education,United States,Female,No
6124fb0d64befc54f0d40d9a,60ff13f5f183c1072a7432ae,RETURNED,2021-08-24 13:58:48.473000,,12379728.318754,28,46,0,100,,,CONSENT REVOKED,CONSENT REVOKED,CONSENT REVOKED,CONSENT REVOKED,CONSENT REVOKED,CONSENT REVOKED,CONSENT REVOKED,CONSENT REVOKED,CONSENT REVOKED,CONSENT REVOKED
6124fb174cfac2edadbe0c22,60fdc7fa219080441691dc54,APPROVED,2021-08-24 13:58:53.854000,2021-08-24 14:07:52.652000,538.798,26,67,0,100,2021-08-25 15:48:22.762000,14E92B13,Hungary,United States,Full-Time,Education & Training,Hungarian,"Hungarian, English",Primary/Secondary (K-12) Education,United States,Female,No
6124fb7e287a814c50e12036,61015eeeac2c6fae4f3696c6,APPROVED,2021-08-24 14:00:33.890000,2021-08-24 14:03:41.462000,187.572,50,504,2,100,2021-08-25 17:41:41.406000,14E92B13,United States,United States,Full-Time,Education & Training,English,English,Primary/Secondary (K-12) Education,United States,Female,No
6124fbc6059833d87f0e2789,5dcc948ed9873592337ae827,APPROVED,2021-08-24 14:01:42.861000,2021-08-24 14:09:46.006000,483.145,60,1765,0,100,2021-08-25 15:48:22.855000,14E92B13,United States,United States,Full-Time,Education & Training,English,English,Primary/Secondary (K-12) Education,United States,Female,No
6124fbe9666748ff398e3624,60df2a387184bf25da3ae6a2,APPROVED,2021-08-24 14:02:19.848000,2021-08-24 14:07:02.573000,282.725,36,410,2,100,2021-08-25 15:48:22.924000,14E92B13,United States,United States,Full-Time,Education & Training,English,English,Primary/Secondary (K-12) Education,United States,Male,No
6124fca070416960f5e2a75a,6107475747d6c3b6eb05669e,APPROVED,2021-08-24 14:05:26.810000,2021-08-24 14:11:44.187000,377.377,22,17,0,100,2021-08-25 15:48:23.002000,14E92B13,United States,United States,Part-Time,Education & Training,English,English,Primary/Secondary (K-12) Education,United States,Female,Yes
6124fca0f4788ba2772b9f1a,6106ca63b09d07f76c98369d,APPROVED,2021-08-24 14:05:24.698000,2021-08-24 14:14:13.602000,528.904,28,67,0,100,2021-08-25 15:48:23.073000,14E92B13,United States,United States,Full-Time,Education & Training,Armenian,"Armenian, English, French",Primary/Secondary (K-12) Education,United States,Female,No
6124fd8836218169675e2cdc,600340c28bbd673ed1d69e56,APPROVED,2021-08-24 14:10:29.834000,2021-08-24 14:15:37.878000,308.044,33,726,13,97,2021-08-25 15:48:23.143000,14E92B13,United States,United States,DATA EXPIRED,Education & Training,English,English,Primary/Secondary (K-12) Education,United States,Male,No
6124fdcf1f21d278a883d219,6109ee41c9e94ead82b194b4,APPROVED,2021-08-24 14:10:26.031000,2021-08-24 14:17:48.940000,442.909,34,126,0,100,2021-08-25 15:48:23.236000,14E92B13,United States,United States,Full-Time,Education & Training,English,English,Primary/Secondary (K-12) Education,United States,Female,No
6124fe25e31157e4800500cc,60fd5a99c4e4ead0c9a6fff4,APPROVED,2021-08-24 14:11:49.532000,2021-08-24 14:20:45.484000,535.952,28,326,1,100,2021-08-25 15:48:23.304000,14E92B13,United States,United States,Full-Time,Education & Training,English,English,Primary/Secondary (K-12) Education,United States,Female,No
6124ff4623c8a6f8efa6ec7a,6100d3c90fba46491b9f3cb0,APPROVED,2021-08-24 14:16:45.659000,2021-08-24 14:26:51.951000,606.292,19,31,0,100,2021-08-25 15:48:23.402000,14E92B13,United States,United States,Full-Time,Education & Training,English,English,Primary/Secondary (K-12) Education,United States,Female,Yes
6124ff7e42aae68bb9e0ad75,60fce0e0cbee28d9325d3124,APPROVED,2021-08-24 14:17:34.220000,2021-08-24 14:27:29.833000,595.613,35,59,0,100,2021-08-25 15:48:23.471000,14E92B13,United States,United States,Full-Time,Education & Training,English,"English, Spanish",Primary/Secondary (K-12) Education,United States,Female,No
6125005f5cf194c9be672e05,61008174621af4fde89d5c7f,APPROVED,2021-08-24 14:21:22.852000,2021-08-24 14:29:44.351000,501.499,53,371,1,100,2021-08-25 15:48:23.545000,14E92B13,United States,United States,Full-Time,Education & Training,English,English,Primary/Secondary (K-12) Education,United States,Male,No
612503f72ff739a28e8f5961,61129e81c06118bfd90996ec,APPROVED,2021-08-24 14:36:41.850000,2021-08-24 14:43:12.374000,390.524,25,96,0,100,2021-08-25 15:48:23.628000,14E92B13,United States,United States,Full-Time,Education & Training,English,English,Primary/Secondary (K-12) Education,United States,Female,No
6125049906d9e08902f5bfa3,6106dff95e2948f146c25d10,RETURNED,2021-08-24 14:39:23.417000,,12377293.605512,21,303,2,100,,,CONSENT REVOKED,CONSENT REVOKED,CONSENT REVOKED,CONSENT REVOKED,CONSENT REVOKED,CONSENT REVOKED,CONSENT REVOKED,CONSENT REVOKED,CONSENT REVOKED,CONSENT REVOKED
612504e0fd1d386218144105,61083a43902f8b90914b17bb,APPROVED,2021-08-24 14:40:35.118000,2021-08-24 14:46:01.580000,326.462,30,7,0,100,2021-08-25 15:48:23.706000,14E92B13,United States,United States,Full-Time,Education & Training,English,"English, Spanish",Primary/Secondary (K-12) Education,United States,Female,No
61250554e2983ae4ad319ab7,5c7336a216dc79000146929b,APPROVED,2021-08-24 14:42:30.737000,2021-08-24 14:51:19.096000,528.359,33,1947,5,100,2021-08-25 15:48:23.774000,14E92B13,United States,United States,Part-Time,Education & Training,English,English,Primary/Secondary (K-12) Education,United States,Female,No
6125057b0297bfbe09b60910,611e9a245aa10e0fd14f24be,APPROVED,2021-08-24 14:43:09.210000,2021-08-24 14:51:18.246000,489.036,22,96,2,99,2021-08-25 15:48:23.835000,14E92B13,United States,United States,Full-Time,Education & Training,English,English,Primary/Secondary (K-12) Education,United States,Female,No
612505b8401b3d9a0aea1eb5,60c5f64b3600e20785ab48e1,APPROVED,2021-08-24 14:44:15.900000,2021-08-24 14:52:45.834000,509.934,36,191,1,100,2021-08-25 15:48:23.932000,14E92B13,United States,United States,DATA EXPIRED,Education & Training,English,English,Primary/Secondary (K-12) Education,United States,Male,DATA EXPIRED
612506c67da0342a4fdc87f2,610b0d5cd275ff5c145a12aa,RETURNED,2021-08-24 14:58:38.611000,,12376138.491465,28,100,0,100,,,CONSENT REVOKED,CONSENT REVOKED,CONSENT REVOKED,CONSENT REVOKED,CONSENT REVOKED,CONSENT REVOKED,CONSENT REVOKED,CONSENT REVOKED,CONSENT REVOKED,CONSENT REVOKED
6125071291592202c62d2977,5c92590a1f991d00161a6fa3,APPROVED,2021-08-24 14:50:13.781000,2021-08-24 14:55:23.474000,309.693,42,1536,4,100,2021-08-25 15:48:24.009000,14E92B13,United States,United States,Full-Time,Education & Training,English,English,Primary/Secondary (K-12) Education,United States,Male,No
61250790559ec6e6539867d3,60fd65e6212b4fe59b491665,APPROVED,2021-08-24 14:52:04.728000,2021-08-24 14:58:11.994000,367.266,19,214,1,100,2021-08-25 15:48:24.074000,14E92B13,United States,United States,Part-Time,Education & Training,English,English,Primary/Secondary (K-12) Education,United States,Female,Yes
612507a9c28766afe671e82f,61028ca81c75bd8c35ef8b54,APPROVED,2021-08-24 14:52:27.630000,2021-08-24 14:57:42.772000,315.142,24,179,0,100,2021-08-25 15:48:24.134000,14E92B13,United States,United States,Full-Time,Education & Training,English,English,Primary/Secondary (K-12) Education,United States,Female,No
612508932cc224eaa3f65488,5f08f4df50389c17b32c2556,APPROVED,2021-08-24 14:56:23.861000,2021-08-24 15:04:47.790000,503.929,41,484,0,100,2021-08-25 15:48:24.199000,14E92B13,United States,United States,Full-Time,Education & Training,English,English,Primary/Secondary (K-12) Education,United States,Male,No
6125089a112eb56764269b6b,5f8dc8e88567d612282c6d1d,APPROVED,2021-08-24 14:56:29.866000,2021-08-24 15:07:27.262000,657.396,47,434,3,100,2021-08-25 15:48:24.279000,14E92B13,United States,United States,Full-Time,Education & Training,English,English,Primary/Secondary (K-12) Education,United States,Female,No
61250933d45b1dd54b87798f,60fcccc2bb686a7fbb27f46d,APPROVED,2021-08-24 14:59:27.347000,2021-08-24 15:04:26.121000,298.774,30,146,0,100,2021-08-25 15:48:24.351000,14E92B13,United States,United States,Full-Time,Education & Training,English,English,Primary/Secondary (K-12) Education,United States,Female,No
612509d36687ea912daadad1,60ff0faac24eac1565191c33,APPROVED,2021-08-24 15:01:41.486000,2021-08-24 15:11:52.527000,611.041,26,54,0,100,2021-08-25 15:48:24.425000,14E92B13,United States,United States,Full-Time,Education & Training,English,English,Primary/Secondary (K-12) Education,United States,Female,No
61250b26bb348d0df47960d4,60fdd586c4b9e82d6558caa6,APPROVED,2021-08-24 15:07:22.283000,2021-08-24 15:13:27.016000,364.733,37,139,1,100,2021-08-25 15:48:24.507000,14E92B13,United States,United States,Full-Time,Education & Training,English,English,Primary/Secondary (K-12) Education,United States,Female,No
61250c3e34356808516de376,60ff101783b9d38e4e225561,APPROVED,2021-08-24 15:12:05.113000,2021-08-24 15:19:32.543000,447.43,25,172,1,100,2021-08-25 15:48:24.612000,14E92B13,United States,United States,Full-Time,Education & Training,English,English,Primary/Secondary (K-12) Education,United States,Female,No
61250dc1b6e5db9168144182,61107a1579777f7ad911eb41,RETURNED,2021-08-24 15:18:36.597000,,12374940.676864,26,213,1,100,,,CONSENT REVOKED,CONSENT REVOKED,CONSENT REVOKED,CONSENT REVOKED,CONSENT REVOKED,CONSENT REVOKED,CONSENT REVOKED,CONSENT REVOKED,CONSENT REVOKED,CONSENT REVOKED
61250f087431731f5652cc4b,60fd6618f9a377f54dcdf318,APPROVED,2021-08-24 15:23:56.924000,2021-08-24 15:29:45.827000,348.903,35,98,1,100,2021-08-25 15:48:24.701000,14E92B13,United States,United States,Full-Time,Education & Training,English,English,Primary/Secondary (K-12) Education,United States,Male,No
612510806a69e88effa05660,60fcd720aec8e3a2bdc414a9,APPROVED,2021-08-24 15:30:12.079000,2021-08-24 15:38:02.195000,470.116,30,305,1,100,2021-08-25 15:48:24.764000,14E92B13,United States,United States,Full-Time,Education & Training,English,English,Primary/Secondary (K-12) Education,United States,Female,No
612510d0b9221cd771836f9a,59067e147a22a80001849720,RETURNED,2021-08-24 15:31:34.456000,,12374162.864014,37,1223,4,100,,,CONSENT REVOKED,CONSENT REVOKED,CONSENT REVOKED,CONSENT REVOKED,CONSENT REVOKED,CONSENT REVOKED,CONSENT REVOKED,CONSENT REVOKED,CONSENT REVOKED,CONSENT REVOKED
61251139c37aaeea0660f020,60fd96e93965e6eb9e783c02,APPROVED,2021-08-24 15:33:16.801000,2021-08-24 15:37:47.623000,270.822,24,341,2,100,2021-08-25 15:48:24.834000,14E92B13,United States,United States,Full-Time,Education & Training,English,English,Primary/Secondary (K-12) Education,United States,Male,No
612512954e10f27e95cc0d7f,5b9811290f2cf000010f31fb,APPROVED,2021-08-24 15:39:08.097000,2021-08-24 15:47:43.213000,515.116,43,1167,3,100,2021-08-25 15:48:24.916000,14E92B13,United States,United States,DATA EXPIRED,Education & Training,English,"English, Spanish",Primary/Secondary (K-12) Education,United States,Male,DATA EXPIRED
612512e346b81e3d839b20e4,60fd3d06efb9752b387bffae,APPROVED,2021-08-24 15:40:36.001000,2021-08-24 15:47:54.053000,438.052,50,98,1,100,2021-08-25 15:48:24.983000,14E92B13,United States,United States,Full-Time,Education & Training,English,English,Primary/Secondary (K-12) Education,United States,Female,No
6125135a8b5aacb01ef1db36,6118509f8593275a2f8cd2ab,APPROVED,2021-08-24 15:42:20.040000,2021-08-24 15:46:30.636000,250.596,23,150,3,99,2021-08-25 15:48:25.063000,14E92B13,United States,United States,Full-Time,Education & Training,English,English,Primary/Secondary (K-12) Education,United States,Female,Yes
612513bd2e3917f4f5cf1958,61001400237f51c3662bd5b4,APPROVED,2021-08-24 15:44:00.122000,2021-08-24 15:56:35.508000,755.386,26,101,0,100,2021-08-25 15:48:25.137000,14E92B13,United States,United States,Full-Time,Education & Training,English,"English, French",Primary/Secondary (K-12) Education,United States,Female,No
6125143bc31b1ee72d086925,6103c632b31f5ff3b4b3fff9,APPROVED,2021-08-24 15:46:22.351000,2021-08-24 15:52:24.047000,361.696,38,62,1,99,2021-08-25 15:48:25.227000,14E92B13,United States,United States,Full-Time,Education & Training,English,English,Primary/Secondary (K-12) Education,United States,Female,Yes
6125148649079f8426b79686,61086989c6f620103c41a338,APPROVED,2021-08-24 15:48:33.301000,2021-08-24 15:57:24.379000,531.078,25,54,0,100,2021-08-25 15:48:25.321000,14E92B13,United States,United States,Full-Time,Education & Training,English,English,Primary/Secondary (K-12) Education,United States,Female,No
612514ae2d9ba67d6c9b5bf1,6108092e51cc80cd7f954006,APPROVED,2021-08-24 15:47:58.019000,2021-08-24 15:57:16.934000,558.915,35,41,1,99,2021-08-25 15:48:25.388000,14E92B13,United States,United States,Full-Time,Education & Training,English,English,Primary/Secondary (K-12) Education,United States,Female,No
612514b821262739491c877a,6100c81ecdea6296d15cc20b,APPROVED,2021-08-24 15:48:08.276000,2021-08-24 15:55:58.973000,470.697,23,34,0,100,2021-08-25 15:48:25.464000,14E92B13,United States,United States,Full-Time,Education & Training,English,English,Primary/Secondary (K-12) Education,United States,Female,No
612515e88aa522d0d50b3374,5f133dabb6d33409b90e9c2f,APPROVED,2021-08-24 15:53:19.103000,2021-08-24 16:03:45.489000,626.386,20,120,0,100,2021-08-25 15:48:25.540000,14E92B13,United States,United States,DATA EXPIRED,Education & Training,Chinese,"Chinese, English",Primary/Secondary (K-12) Education,United States,Male,Yes
61251899cfd1140a6fcb55f7,5b92f80b2f777d000175da5c,APPROVED,2021-08-24 16:05:51.868000,2021-08-24 16:20:07.524000,855.656,22,222,0,100,2021-08-25 15:48:25.628000,14E92B13,United States,United States,Full-Time,Education & Training,English,English,Primary/Secondary (K-12) Education,United States,Female,No
61251ac382ad65d83caff4eb,6107177deac31dbfbd354a2e,APPROVED,2021-08-24 16:13:58.067000,2021-08-24 16:18:49.919000,291.852,48,76,0,100,2021-08-25 15:48:25.705000,14E92B13,United States,United States,Full-Time,Education & Training,English,"English, Spanish",Primary/Secondary (K-12) Education,United States,Female,No
61251c4d73e0c43ca0dd1e19,60fff989b5b83a3e80be9ca9,APPROVED,2021-08-24 16:20:34.550000,2021-08-24 16:27:06.257000,391.707,31,86,2,98,2021-08-25 15:48:25.777000,14E92B13,United States,United States,Full-Time,Education & Training,English,English,Primary/Secondary (K-12) Education,United States,Female,Yes
61251c81414498bb6bd015d5,5b9c1a42c57b4b0001eedc61,APPROVED,2021-08-24 16:21:40.081000,2021-08-24 16:35:28.678000,828.597,54,1711,8,99,2021-08-25 15:48:25.840000,14E92B13,United States,United States,Part-Time,Education & Training,English,English,Primary/Secondary (K-12) Education,United States,Female,No
61251dfa6d9807f41c96b89a,6111b04382b7b8effc8b2b27,APPROVED,2021-08-24 16:27:38.677000,2021-08-24 16:36:04.053000,505.376,20,167,1,100,2021-08-25 15:48:25.913000,14E92B13,United States,United States,Full-Time,Education & Training,English,English,Primary/Secondary (K-12) Education,United States,Female,Yes
61251e4859cbceb87559dfb6,61076ee38070ba807d31e919,APPROVED,2021-08-24 16:28:56.137000,2021-08-24 16:38:57.773000,601.636,28,198,0,100,2021-08-25 15:48:25.977000,14E92B13,United States,United States,Full-Time,Education & Training,English,English,Primary/Secondary (K-12) Education,United States,Female,No
61251f713c7877131b71873f,60fdbd48902fa5a4e667eb0c,APPROVED,2021-08-24 16:34:02.979000,2021-08-24 16:41:26.404000,443.425,38,131,2,99,2021-08-25 15:48:26.047000,14E92B13,United States,United States,Full-Time,Education & Training,English,English,Primary/Secondary (K-12) Education,United States,Female,No
6125206f03ffd0225baabf45,5aa3eff9873cda00010d570f,APPROVED,2021-08-24 16:38:09.243000,2021-08-24 16:44:15.775000,366.532,40,1333,2,100,2021-08-25 15:48:26.109000,14E92B13,United States,United States,Full-Time,Education & Training,English,English,Primary/Secondary (K-12) Education,United States,Male,No
61252077bc1c1c6f3ea7d17a,60f22ce19d3c98dacd6d464f,APPROVED,2021-08-24 16:38:48.522000,2021-08-24 16:48:34.853000,586.331,24,299,0,100,2021-08-25 15:48:26.194000,14E92B13,United States,United States,DATA EXPIRED,Education & Training,English,English,Primary/Secondary (K-12) Education,United States,Female,Yes
612522006c299896a15f6dd4,561bbdf9811d22000df3138a,APPROVED,2021-08-24 16:46:20.570000,2021-08-24 16:58:12.014000,711.444,37,2761,5,100,2021-08-25 15:48:26.271000,14E92B13,United States,United States,DATA EXPIRED,Education & Training,English,English,Primary/Secondary (K-12) Education,United States,Male,DATA EXPIRED
61252238b74c5f25ed58d68d,6107f36c4840fc01211df6e0,APPROVED,2021-08-24 16:45:46.515000,2021-08-24 16:51:31.727000,345.212,24,21,0,100,2021-08-25 15:48:26.380000,14E92B13,United States,United States,Part-Time,Education & Training,English,English,Primary/Secondary (K-12) Education,United States,Female,Yes
612522cbfc1c3cbc0ae361b6,610021e1bbdd0685e6822640,APPROVED,2021-08-24 16:48:27.011000,2021-08-24 17:03:40.559000,913.548,,51,0,100,2021-08-25 15:48:26.462000,14E92B13,DATA EXPIRED,DATA EXPIRED,DATA EXPIRED,DATA EXPIRED,DATA EXPIRED,DATA EXPIRED,DATA EXPIRED,DATA EXPIRED,DATA EXPIRED,DATA EXPIRED
612522fdb45d6feb7af461ef,60b6b4d12a9854d3385bc768,APPROVED,2021-08-24 16:49:03.674000,2021-08-24 16:56:46.747000,463.073,26,575,0,100,2021-08-25 15:48:26.542000,14E92B13,United States,United States,Full-Time,Education & Training,English,English,Primary/Secondary (K-12) Education,United States,Male,Yes
612524dfe44eca5244e9eddc,5ee29028fb6eba3d81ebf0f9,APPROVED,2021-08-24 16:58:57.216000,2021-08-24 17:06:34.498000,457.282,24,363,1,100,2021-08-25 15:48:26.637000,14E92B13,United States,Spain,Part-Time,Education & Training,English,"English, Spanish",Primary/Secondary (K-12) Education,United States,Female,No
612525554e836c448a466c83,612252e1143216231e134d68,APPROVED,2021-08-24 16:59:05.467000,2021-08-24 17:05:31.183000,385.716,26,325,3,99,2021-08-25 15:48:26.717000,14E92B13,United States,United States,Full-Time,Education & Training,English,English,Primary/Secondary (K-12) Education,United States,Male,No
6125255cf06fbbebf06ff09c,602470bac74f8417d4a9b514,APPROVED,2021-08-24 16:59:15.359000,2021-08-24 17:21:45.671000,1350.312,36,392,0,100,2021-08-25 15:48:26.795000,14E92B13,United States,United States,Full-Time,Education & Training,English,English,Primary/Secondary (K-12) Education,United States,Female,No
612526afb4a06068384b9ee8,60fd7297b51b6c110faf723e,APPROVED,2021-08-24 17:04:56.111000,2021-08-24 17:11:26.429000,390.318,47,36,0,100,2021-08-25 15:48:26.859000,14E92B13,United States,United States,Full-Time,Education & Training,English,English,Primary/Secondary (K-12) Education,United States,Female,No
612527862edb552458814cad,60ff1815e9e3b27ae9ef3dea,APPROVED,2021-08-24 17:08:45.001000,2021-08-24 17:16:32.621000,467.62,24,108,1,100,2021-08-25 15:48:26.925000,14E92B13,United States,United States,Full-Time,Education & Training,English,English,Primary/Secondary (K-12) Education,United States,Female,Yes
6125286ca0cbaa799084a7b6,61037f80e765f934241d4285,APPROVED,2021-08-24 17:12:55.690000,2021-08-24 17:22:25.186000,569.496,22,42,0,100,2021-08-25 15:48:26.995000,14E92B13,United States,United States,Part-Time,Education & Training,English,English,Primary/Secondary (K-12) Education,United States,Male,Yes
612528a450f20c17684d65ce,61087a9d86da2b69f3eb9d1d,APPROVED,2021-08-24 17:13:14.191000,2021-08-24 17:18:31.677000,317.486,28,72,0,100,2021-08-25 15:48:27.066000,14E92B13,United States,United States,Full-Time,Education & Training,English,English,Primary/Secondary (K-12) Education,United States,Female,No
6125298b1aa58daf8cd2fd3c,5f919c44b2861d01ac284ea8,APPROVED,2021-08-24 17:17:01.715000,2021-08-24 17:26:25.435000,563.72,33,576,0,100,2021-08-25 15:48:27.143000,14E92B13,United States,United States,DATA EXPIRED,Education & Training,Thai,"English, Thai",Primary/Secondary (K-12) Education,United States,Male,DATA EXPIRED
61252b6e09928b03dc341c0e,61085ecb96bc2a8c2bffa47f,APPROVED,2021-08-24 17:25:02.715000,2021-08-24 17:36:00.874000,658.159,23,39,0,100,2021-08-25 15:48:27.219000,14E92B13,United States,United States,Part-Time,Education & Training,English,English,Primary/Secondary (K-12) Education,United States,Female,Yes
61252e0defd828cfbf87c1b6,6101bb1f660cef21e0ed290e,REJECTED,2021-08-24 17:36:18.092000,2021-08-24 17:40:06.422000,228.33,20,257,3,99,2021-08-25 15:44:31.298000,14E92B13,United States,United States,Part-Time,Education & Training,English,English,Primary/Secondary (K-12) Education,United States,Female,Yes
612533bf400272b668991e07,61088eb3a37081224880c5c0,APPROVED,2021-08-24 18:00:43.711000,2021-08-24 18:05:37.983000,294.272,24,32,0,100,2021-08-25 15:48:27.319000,14E92B13,United States,United States,Full-Time,Education & Training,English,English,Primary/Secondary (K-12) Education,United States,Female,No
6125355ed46df3badba772ba,607335a810ca68636e4172b7,APPROVED,2021-08-24 18:07:30.564000,2021-08-24 18:16:58.660000,568.096,41,473,2,100,2021-08-25 15:48:27.403000,14E92B13,United States,United States,Part-Time,Education & Training,English,English,Primary/Secondary (K-12) Education,United States,Female,Yes
61253635a59afd92d143334b,60fd1b406f19c75f3dffaa18,APPROVED,2021-08-24 18:11:11.200000,2021-08-24 18:20:17.248000,546.048,22,17,0,100,2021-08-25 15:48:27.473000,14E92B13,United States,United States,Part-Time,Education & Training,English,English,Primary/Secondary (K-12) Education,United States,Male,Yes
61253ae88f2c1406873a2e64,5ec75df0d799ae1c11a8115c,APPROVED,2021-08-24 18:31:08.006000,2021-08-24 18:39:10.849000,482.843,21,940,0,100,2021-08-25 15:48:27.554000,14E92B13,United States,United States,Part-Time,Education & Training,English,English,Primary/Secondary (K-12) Education,United States,Female,No
61253b628fc6190d6943fab6,60f5e7f8ab507c090c2048df,APPROVED,2021-08-24 18:33:09.751000,2021-08-24 18:41:55.904000,526.153,28,115,1,99,2021-08-25 15:48:27.651000,14E92B13,United States,United States,Full-Time,Education & Training,English,English,Primary/Secondary (K-12) Education,United States,Female,No
61253beb2de37389050dd658,60da75e2d01c504588a709ea,REJECTED,2021-08-24 18:35:28.564000,2021-08-24 18:39:00.007000,211.443,24,79,2,99,2021-08-25 15:43:27.788000,14E92B13,United States,United States,DATA EXPIRED,Education & Training,English,English,Primary/Secondary (K-12) Education,United States,Female,DATA EXPIRED
61253d28bff133e5ed86a6cb,60fcd308ed9a6a969d097a75,APPROVED,2021-08-24 18:40:42.670000,2021-08-24 18:49:39.911000,537.241,39,258,1,100,2021-08-25 15:48:27.767000,14E92B13,United States,United States,Full-Time,Education & Training,English,English,Primary/Secondary (K-12) Education,United States,Female,No
61253efd37b9e1ec4ccc10dd,606b4092321de2bfbfa6b719,APPROVED,2021-08-24 18:48:29.080000,2021-08-24 18:54:48.160000,379.08,39,435,2,100,2021-08-25 15:48:27.833000,14E92B13,United States,United States,DATA EXPIRED,Education & Training,English,English,Primary/Secondary (K-12) Education,United States,Female,DATA EXPIRED
61254097390df7bcc7d22766,60fdc51f642e61f253d04658,APPROVED,2021-08-24 18:55:22.447000,2021-08-24 18:59:58.397000,275.95,22,48,0,100,2021-08-25 15:48:27.902000,14E92B13,United States,United States,DATA EXPIRED,Education & Training,English,"English, Spanish",Primary/Secondary (K-12) Education,United States,Male,Yes
612540dca09c17704573b3eb,5e5529ffd4c2b6526cb82340,APPROVED,2021-08-24 18:56:41.447000,2021-08-24 19:04:14.984000,453.537,51,1000,1,100,2021-08-25 15:48:27.979000,14E92B13,United States,United States,DATA EXPIRED,Education & Training,English,English,Primary/Secondary (K-12) Education,United States,Female,DATA EXPIRED
612541ddd8019b8a4d59e121,610b19b6e3c5163aa3d76515,APPROVED,2021-08-24 19:00:49.459000,2021-08-24 19:08:26.056000,456.597,32,70,1,100,2021-08-25 15:48:28.047000,14E92B13,United States,United States,Full-Time,Education & Training,English,English,Primary/Secondary (K-12) Education,United States,Female,No
612542cf083c094a12bb4de2,6117a2883986caedb7d8e7e0,APPROVED,2021-08-24 19:04:50.681000,2021-08-24 19:10:43.673000,352.992,44,64,0,100,2021-08-25 15:48:28.137000,14E92B13,United States,United States,Part-Time,Education & Training,English,"English, Spanish",Primary/Secondary (K-12) Education,United States,Female,No
612543cb67616f8d40043ad9,61140da95009839723232a5e,APPROVED,2021-08-24 19:09:06.450000,2021-08-24 19:19:21.694000,615.244,29,130,0,100,2021-08-25 15:48:28.207000,14E92B13,United Kingdom,United States,Full-Time,Education & Training,English,English,Primary/Secondary (K-12) Education,United States,Female,No
6125477d640dd745f7375988,60dbe1ade399352be04a652d,APPROVED,2021-08-24 19:24:47.278000,2021-08-24 19:43:52.404000,1145.126,48,331,2,100,2021-08-25 15:48:28.287000,14E92B13,United States,United States,DATA EXPIRED,Education & Training,English,"English, Hindi",Primary/Secondary (K-12) Education,United States,Female,DATA EXPIRED
61254955c000a27ff8d1e9f3,5e8e01b6835f3608583cd894,APPROVED,2021-08-24 19:32:43.075000,2021-08-24 19:42:20.682000,577.607,24,1174,3,100,2021-08-25 15:48:28.381000,14E92B13,United States,United States,Part-Time,Education & Training,English,English,Primary/Secondary (K-12) Education,United States,Female,No
61254b1423320aa2c16e7547,61110c0542cd52b0ca4e0132,APPROVED,2021-08-24 19:40:12.857000,2021-08-24 19:49:15.360000,542.503,47,212,0,100,2021-08-25 15:48:28.452000,14E92B13,United States,United States,Full-Time,Education & Training,English,English,Primary/Secondary (K-12) Education,United States,Male,No
61254d97dd007346acb6b89b,61072bb0994edb6da025a11b,APPROVED,2021-08-24 19:50:50.037000,2021-08-24 20:01:47.536000,657.499,26,155,0,100,2021-08-25 15:48:28.521000,14E92B13,United States,United States,Full-Time,Education & Training,English,English,Primary/Secondary (K-12) Education,United States,Female,Yes
61254f6da0df79cccd2f86b8,611545776d3931006e1913eb,APPROVED,2021-08-24 19:58:45.640000,2021-08-24 20:03:02.937000,257.297,26,219,0,100,2021-08-25 15:48:28.607000,14E92B13,United States,United States,Full-Time,Education & Training,English,English,Primary/Secondary (K-12) Education,United States,Male,Yes
6126671c180504b7d069edde,5e4a0a67110b3747ea173d60,APPROVED,2021-08-25 15:51:56.581000,2021-08-25 16:04:00.018000,723.437,58,1799,1,100,2021-08-25 17:49:00.105000,14E92B13,United States,United States,Full-Time,Education & Training,English,English,Primary/Secondary (K-12) Education,United States,Male,No
61266756e09dbb93193759b3,611096a1ffa9f5305a391d38,APPROVED,2021-08-25 15:52:56.899000,2021-08-25 16:03:23.465000,626.566,51,114,1,100,2021-08-25 17:49:00.168000,14E92B13,United States,United States,Full-Time,Education & Training,English,English,Primary/Secondary (K-12) Education,United States,Female,No
61266a3c61c25fc96acc6b20,60fee29ad5bea2623e6759f4,APPROVED,2021-08-25 16:05:19.068000,2021-08-25 16:12:06.662000,407.594,21,47,0,100,2021-08-25 17:49:00.234000,14E92B13,United States,United States,Part-Time,Education & Training,English,English,Primary/Secondary (K-12) Education,United States,Female,No
61266f088ec36dc9657b5685,6106d89e12c417717aed123a,APPROVED,2021-08-25 16:26:05.904000,2021-08-25 16:44:42.885000,1116.981,25,164,1,100,2021-08-25 17:49:00.296000,14E92B13,United States,United States,Full-Time,Education & Training,English,English,Primary/Secondary (K-12) Education,United States,Female,No
61266febdedfcd68f87e5a5d,6108409bb5481ca1abe7ecd2,APPROVED,2021-08-25 16:31:20.983000,2021-08-25 16:36:55.093000,334.11,21,307,2,100,2021-08-25 17:49:00.368000,14E92B13,United States,United States,Part-Time,Education & Training,English,English,Primary/Secondary (K-12) Education,United States,Female,Yes
612671559ebb22640cc7d0e4,6100e02dc8da880a51bf1c7d,APPROVED,2021-08-25 16:35:36.270000,2021-08-25 16:40:21.763000,285.493,26,47,0,100,2021-08-25 17:49:00.432000,14E92B13,United States,United States,Full-Time,Education & Training,Spanish,"English, Spanish",Primary/Secondary (K-12) Education,United States,Female,No
612673c9e98b3ba7db24d3e1,611e96a8fa05050b7c9efdd5,APPROVED,2021-08-25 16:46:13.590000,2021-08-25 16:53:21.271000,427.681,36,66,1,100,2021-08-25 17:49:00.503000,14E92B13,United States,United States,Full-Time,Education & Training,English,English,Primary/Secondary (K-12) Education,United States,Female,No
6126747d4049eefe3e9fa134,6101d91477752dbb2e72baa5,APPROVED,2021-08-25 16:49:04.805000,2021-08-25 16:56:15.341000,430.536,23,25,0,100,2021-08-25 17:49:00.593000,14E92B13,United States,United States,Part-Time,Education & Training,English,"English, French, Italian",Primary/Secondary (K-12) Education,United States,Female,Yes
6126749525037724b570a60b,60e498712f548b22f3ec7c65,APPROVED,2021-08-25 16:49:38.925000,2021-08-25 16:54:30.741000,291.816,32,206,1,100,2021-08-25 17:49:00.676000,14E92B13,United States,United States,Full-Time,Education & Training,English,English,Primary/Secondary (K-12) Education,United States,Female,DATA EXPIRED
612677a7ade1a06964d81539,5fbda708e368851d517637de,APPROVED,2021-08-25 17:03:14.639000,2021-08-25 17:15:35.780000,741.141,34,873,1,100,2021-08-25 17:49:00.751000,14E92B13,United States,United States,Full-Time,Education & Training,English,English,Primary/Secondary (K-12) Education,United States,Male,No
612678aa971c30c4f716dde2,6109f4986d963a1eaf609765,APPROVED,2021-08-25 17:06:56.356000,2021-08-25 17:17:36.511000,640.155,21,141,0,100,2021-08-25 17:49:00.831000,14E92B13,United States,United States,Full-Time,Education & Training,English,English,Primary/Secondary (K-12) Education,United States,Female,Yes
61267b62519294a809477622,60fe09fe7838ef11f5076f17,APPROVED,2021-08-25 17:18:52.842000,2021-08-25 17:24:41.536000,348.694,22,39,0,100,2021-08-25 17:49:00.932000,14E92B13,United States,United States,Full-Time,Education & Training,English,"English, Spanish",Primary/Secondary (K-12) Education,United States,Female,No
