session_id,participant_id,status,started_datetime,completed_date_time,time_taken,age,num_approvals,num_rejections,prolific_score,reviewed_at_datetime,entered_code,Country of Birth,Current Country of Residence,Employment Status,First Language,Fluent languages,Industry,Nationality,Sex,Student Status
6125c110e25b73c8d745fbd2,610827688c36871a5b12f9ca,APPROVED,2021-08-25 04:03:39.127000,2021-08-25 04:10:39.826000,420.699,21,165,8,92,2021-08-25 15:59:43.415000,9EC36FE2,United States,United States,Part-Time,English,English,Real Estate Rental and Leasing,United States,Female,Yes
6125c3f42a50845c44e9113f,61094e90bb5ea378f32617d5,APPROVED,2021-08-25 04:18:51.110000,2021-08-25 04:25:41.191000,410.081,23,115,0,100,2021-08-25 15:59:43.490000,9EC36FE2,United States,United States,Full-Time,English,English,Real Estate Rental and Leasing,United States,Female,No
6125c5e07f3871f78441b31a,611580c3f490b096b2fa8cfa,APPROVED,2021-08-25 04:25:31.031000,2021-08-25 04:33:24.675000,473.644,22,151,1,100,2021-08-25 15:59:43.552000,9EC36FE2,United States,United States,Part-Time,English,English,Real Estate Rental and Leasing,United States,Male,Yes
6125f2cdf3c535a7b4baf54c,60fcce22d78a9a58340d2260,APPROVED,2021-08-25 07:35:41.337000,2021-08-25 07:45:29.891000,588.554,33,54,1,99,2021-08-25 15:59:43.625000,9EC36FE2,United States,United States,Full-Time,English,English,Real Estate Rental and Leasing,United States,Female,No
6125f6eab5151424d6e86151,60e48bf26db92a299af63242,APPROVED,2021-08-25 07:59:37.272000,2021-08-25 08:13:20.626000,823.354,32,233,0,100,2021-08-25 15:59:43.709000,9EC36FE2,DATA EXPIRED,United Kingdom,Full-Time,English,English,DATA EXPIRED,United Kingdom,Female,DATA EXPIRED
6125fa117f1ed6ebaf8d4dfd,61115f0714b553588d74651f,APPROVED,2021-08-25 08:06:41.061000,2021-08-25 08:19:21.111000,760.05,33,97,0,100,2021-08-25 15:59:43.778000,9EC36FE2,United States,United States,Full-Time,English,English,Real Estate Rental and Leasing,United States,Female,No
6125fecfbe6f265a79e2410f,5dd55364dcec8750a2efc32b,APPROVED,2021-08-25 08:26:58.836000,2021-08-25 08:32:31.286000,332.45,38,1068,15,97,2021-08-25 15:59:43.859000,9EC36FE2,United States,United States,Part-Time,English,English,Real Estate Rental and Leasing,United States,Female,No
61260b158d4bc27b843591f4,60e69bcb4e1c4ea87a54a36d,APPROVED,2021-08-25 09:19:34.208000,2021-08-25 09:30:53.009000,678.801,29,268,3,99,2021-08-25 15:59:43.930000,9EC36FE2,United States,United States,DATA EXPIRED,English,English,Real Estate Rental and Leasing,United States,Female,DATA EXPIRED
61260f0862877953c111b455,60ff0bb5f091c10ddd2270b9,APPROVED,2021-08-25 09:36:08.676000,2021-08-25 09:50:39.108000,870.432,24,72,1,99,2021-08-25 15:59:44.008000,9EC36FE2,United States,United States,Full-Time,English,English,Real Estate Rental and Leasing,United States,Female,No
61261768da8a6310115e3388,60a877548e684d43854de84d,APPROVED,2021-08-25 10:13:19.521000,2021-08-25 10:23:46.765000,627.244,35,297,5,98,2021-08-25 15:59:44.093000,9EC36FE2,United States,United States,Part-Time,English,English,Real Estate Rental and Leasing,United States,Female,No
61261c3ad3529996dce6372c,6111319162cb339cc4728f8a,APPROVED,2021-08-25 10:32:37.890000,2021-08-25 10:36:41.083000,243.193,31,155,4,96,2021-08-25 15:59:44.159000,9EC36FE2,United States,United States,Full-Time,English,English,Real Estate Rental and Leasing,United States,Female,No
612625e7827f1f29a21c13c5,5b4370f330bbfd000105f991,APPROVED,2021-08-25 11:13:46.025000,2021-08-25 11:20:14.724000,388.699,56,520,0,100,2021-08-25 15:59:44.234000,9EC36FE2,United States,United States,Full-Time,English,English,Real Estate Rental and Leasing,United States,Male,No
6126265ead786ebd65aa8207,611115a766df68e739b3ac70,APPROVED,2021-08-25 11:15:45.143000,2021-08-25 11:24:46.236000,541.093,44,81,1,100,2021-08-25 15:59:44.315000,9EC36FE2,United States,United States,Part-Time,English,English,Real Estate Rental and Leasing,United States,Female,No
612627877354a0b8fc18be28,60ff6a8f44df7674b32cc799,TIMED-OUT,2021-08-25 11:20:39.767000,,12302799.736912,26,33,0,100,,,United States,United States,Full-Time,English,English,Real Estate Rental and Leasing,United States,Female,No
6126334e6b953caf257902a4,5f74fd83ed11b81620baf105,APPROVED,2021-08-25 12:15:38.500000,2021-08-25 12:30:39.233000,900.733,32,1051,1,100,2021-08-25 15:59:44.384000,9EC36FE2,Hong Kong,United States,Full-Time,Chinese,"Chinese, English",Real Estate Rental and Leasing,United States,Female,Yes
612638e48043fbb6d4f555df,5f95d87f5016160f47995dae,APPROVED,2021-08-25 12:34:44.559000,2021-08-25 12:39:45.608000,301.049,43,843,13,96,2021-08-25 15:59:44.450000,9EC36FE2,United States,United States,Full-Time,English,English,Real Estate Rental and Leasing,United States,Male,No
61263e04502d74c30dbe7011,603407c4dd800c16d182bb1e,REJECTED,2021-08-25 12:56:45.602000,2021-08-25 13:00:11.793000,206.191,32,429,7,98,2021-08-25 15:57:23.066000,9EC36FE2,United States,United States,Full-Time,English,English,Real Estate Rental and Leasing,United States,Male,No
61263f3eced000c9df24ee16,6111646d1922d97d81f4f9c1,APPROVED,2021-08-25 13:07:13.229000,2021-08-25 13:24:16.977000,1023.748,28,337,1,100,2021-08-25 15:59:44.527000,9EC36FE2,United States,United States,Full-Time,English,English,Real Estate Rental and Leasing,United States,Female,No
61263f883ac284ee2fb8fda5,6108334484fa53f00832f23c,APPROVED,2021-08-25 13:03:25.062000,2021-08-25 13:14:23.835000,658.773,29,78,1,100,2021-08-25 15:59:44.615000,9EC36FE2,United States,United States,Full-Time,English,English,Real Estate Rental and Leasing,United States,Female,No
612643d742d043e141cc25f4,5c57022635a46a0001682961,APPROVED,2021-08-25 13:21:37.595000,2021-08-25 13:32:50.036000,672.441,,1541,4,100,2021-08-25 15:59:44.686000,9EC36FE2,DATA EXPIRED,DATA EXPIRED,DATA EXPIRED,DATA EXPIRED,DATA EXPIRED,DATA EXPIRED,DATA EXPIRED,DATA EXPIRED,DATA EXPIRED
6126441edc481a15404614b5,61153dddb843b4ee095f8a2c,REJECTED,2021-08-25 13:25:05.928000,2021-08-25 13:28:23.227000,197.299,25,366,4,99,2021-08-25 15:57:07.608000,9EC36FE2,United States,United States,DATA EXPIRED,English,English,Real Estate Rental and Leasing,United States,Female,No
6126455bd719b41776978595,610bf08fd52257fdab17cfe4,RETURNED,2021-08-25 13:27:58.629000,,12295161.045473,25,139,0,100,,,CONSENT REVOKED,CONSENT REVOKED,CONSENT REVOKED,CONSENT REVOKED,CONSENT REVOKED,CONSENT REVOKED,CONSENT REVOKED,CONSENT REVOKED,CONSENT REVOKED
612649d3e628387ee3e338c6,60feddccb0434a2577a930ca,APPROVED,2021-08-25 13:47:23.639000,2021-08-25 13:59:04.186000,700.547,55,163,1,100,2021-08-25 15:59:44.770000,9EC36FE2,United States,United States,Full-Time,English,English,Real Estate Rental and Leasing,United States,Female,No
61264f0e8084cd990274f6ad,5ed5d28a7981f617185819ff,APPROVED,2021-08-25 14:09:20.820000,2021-08-25 14:26:26.127000,1025.307,34,1229,1,100,2021-08-25 15:59:44.833000,9EC36FE2,United States,United States,DATA EXPIRED,English,English,Real Estate Rental and Leasing,United States,Male,DATA EXPIRED
612654506497554272f93519,5e208482d53585397ac17440,RETURNED,2021-08-25 14:31:48.036000,,12291331.695548,32,769,4,100,,,CONSENT REVOKED,CONSENT REVOKED,CONSENT REVOKED,CONSENT REVOKED,CONSENT REVOKED,CONSENT REVOKED,CONSENT REVOKED,CONSENT REVOKED,CONSENT REVOKED
612656aea598fb4f51647205,61085e2ceee7f23d0a8de76f,APPROVED,2021-08-25 14:41:50.812000,2021-08-25 14:50:48.531000,537.719,27,10,0,100,2021-08-25 15:59:44.900000,9EC36FE2,United States,United States,Full-Time,English,English,Real Estate Rental and Leasing,United States,Female,No
612658fdee1f0c3d9838c6d8,6100a65828da5be11d11c404,APPROVED,2021-08-25 14:51:43.541000,2021-08-25 14:59:07.460000,443.919,24,215,2,98,2021-08-25 15:59:44.961000,9EC36FE2,United States,United States,Full-Time,English,English,Real Estate Rental and Leasing,United States,Female,No
612659cb233cf9d077863741,61125e6ba4d0b8858cbe9786,APPROVED,2021-08-25 14:55:14.388000,2021-08-25 15:03:58.989000,524.601,25,53,0,100,2021-08-25 15:59:45.020000,9EC36FE2,United States,United States,Full-Time,English,English,Real Estate Rental and Leasing,United States,Female,No
61265b6d9262445c70ec258c,5f907f31b1e858149a93c58a,APPROVED,2021-08-25 15:02:05.268000,2021-08-25 15:08:40.226000,394.958,,855,11,97,2021-08-25 15:59:45.135000,9EC36FE2,DATA EXPIRED,DATA EXPIRED,DATA EXPIRED,DATA EXPIRED,DATA EXPIRED,DATA EXPIRED,DATA EXPIRED,DATA EXPIRED,DATA EXPIRED
61265c7a82d4fe5bf204a73d,60fefcee36c5b89919ef39b4,RETURNED,2021-08-25 15:07:11.701000,,12289208.129916,26,89,0,100,,,CONSENT REVOKED,CONSENT REVOKED,CONSENT REVOKED,CONSENT REVOKED,CONSENT REVOKED,CONSENT REVOKED,CONSENT REVOKED,CONSENT REVOKED,CONSENT REVOKED
61265e39752ab115608d360b,610c1f4fbda7e49e52812d95,APPROVED,2021-08-25 15:14:02.819000,2021-08-25 15:23:20.981000,558.162,28,62,0,100,2021-08-25 15:59:45.199000,9EC36FE2,United States,United States,Full-Time,English,English,Real Estate Rental and Leasing,United States,Female,No
61265f8b80ee8a74574ed623,610171e1ba81a9d3b258982b,REJECTED,2021-08-25 15:19:41.213000,2021-08-25 15:23:19.096000,217.883,28,336,4,99,2021-08-25 15:57:38.027000,9EC36FE2,United States,United States,Full-Time,English,English,Real Estate Rental and Leasing,United States,Female,No
61265feaa65f0f9496847e86,60fdae513bfebe2fe0122138,APPROVED,2021-08-25 15:21:16.143000,2021-08-25 15:35:40.087000,863.944,22,223,0,100,2021-08-25 15:59:45.274000,9EC36FE2,United States,United States,Full-Time,English,English,Real Estate Rental and Leasing,United States,Female,No
6126600d7d74c9fd7826b1ca,610858576fe57d22263d886b,APPROVED,2021-08-25 15:21:49.223000,2021-08-25 15:29:14.546000,445.323,24,167,0,100,2021-08-25 15:59:45.344000,9EC36FE2,United States,United States,Full-Time,Lithuanian,"English, Lithuanian",Real Estate Rental and Leasing,United States,Female,Yes
612660d5781529c347413805,61003eec79160087b6dab234,TIMED-OUT,2021-08-25 15:25:09.564000,,12288130.374159,25,2,0,100,,,United States,United States,Full-Time,English,"English, Spanish",Real Estate Rental and Leasing,United States,Female,Yes
6126636a131dd054e2c7dee1,5f9204c669c428109eda454e,APPROVED,2021-08-25 15:36:12.692000,2021-08-25 15:43:22.667000,429.975,26,673,3,100,2021-08-25 15:59:45.425000,9EC36FE2,United States,United States,Full-Time,English,English,Real Estate Rental and Leasing,United States,Female,No
612669f4dd9f87501c080b7f,5de55783e520274db68ca01c,APPROVED,2021-08-25 16:04:07.439000,2021-08-25 16:20:10.541000,963.102,34,1683,1,100,2021-08-25 17:54:30.866000,9EC36FE2,Israel,United States,Full-Time,English,"French, English, Spanish, Hebrew",Real Estate Rental and Leasing,United States,Male,DATA EXPIRED
61266a89bd258f963750ca3c,5de6766e89d6b4000f71bc0d,APPROVED,2021-08-25 16:06:38.544000,2021-08-25 16:19:42.898000,784.354,47,773,4,99,2021-08-25 17:54:30.923000,9EC36FE2,United States,United States,Full-Time,English,English,Real Estate Rental and Leasing,United States,Female,No
612674e9c1929179404db854,60ff57e5154dbec052c4fba2,TIMED-OUT,2021-08-25 16:50:54.115000,,12282985.900314,31,111,0,100,,,Japan,United States,Full-Time,English,English,Real Estate Rental and Leasing,United States,Male,No
61267646a8958f3c754580a3,6085bb66296b0a411198d8fd,APPROVED,2021-08-25 16:56:44.504000,2021-08-25 17:03:23.738000,399.234,35,494,4,99,2021-08-25 17:54:30.982000,9EC36FE2,United States,United States,Full-Time,English,English,Real Estate Rental and Leasing,United States,Male,No
61267d4b5e0e847bf7ca3924,61083629df7ac8e36cb88db7,APPROVED,2021-08-25 17:26:41.932000,2021-08-25 17:47:42.730000,1260.798,19,100,0,100,2021-08-25 17:54:31.038000,9EC36FE2,United States,United States,Part-Time,English,"Chinese, English",Real Estate Rental and Leasing,United States,Female,Yes
6126861abd5604e123530ef1,60ff6e80dad89b82091c850a,APPROVED,2021-08-25 18:04:14.484000,2021-08-25 18:12:42.189000,507.705,25,93,0,100,2021-08-25 19:57:45.760000,9EC36FE2,United States,United States,Full-Time,English,English,Real Estate Rental and Leasing,United States,Female,No
61268a0b2711ace1af4691a1,60fcd909e567b28402d41f6c,APPROVED,2021-08-25 18:21:07.753000,2021-08-25 18:28:22.131000,434.378,23,139,0,100,2021-08-25 19:57:45.840000,9EC36FE2,United States,United States,Full-Time,English,English,Real Estate Rental and Leasing,United States,Female,No
61268dabb3d2aed583d57138,60fdf33fdfb2399145bb4df4,APPROVED,2021-08-25 18:36:29.585000,2021-08-25 18:42:06.603000,337.018,24,45,0,100,2021-08-25 19:57:45.914000,9EC36FE2,United States,United States,Part-Time,English,English,Real Estate Rental and Leasing,United States,Female,Yes
61269149cfd72967d59b7a25,6109a1d93ad976cdff4749ef,APPROVED,2021-08-25 18:51:57.005000,2021-08-25 19:10:51.543000,1134.538,18,54,0,100,2021-08-25 19:57:45.989000,9EC36FE2,United States,United States,Part-Time,English,"English, French, Spanish",Real Estate Rental and Leasing,United States,Female,Yes
612692a7dc58cfb250818842,60feba6596fcb1e4a5eedc07,APPROVED,2021-08-25 18:57:52.466000,2021-08-25 19:15:01.331000,1028.865,32,229,2,100,2021-08-25 19:57:46.065000,9EC36FE2,United States,United States,Full-Time,English,English,Graphic Design,United States,Female,No
61269457f64c4090e8c33e0e,5e46bda46041fc18bf68996f,APPROVED,2021-08-25 19:04:58.963000,2021-08-25 19:09:08.720000,249.757,25,919,2,100,2021-08-25 19:57:46.152000,9EC36FE2,United States,United States,Full-Time,English,English,Real Estate Rental and Leasing,United States,Female,DATA EXPIRED
61269829a617bf2422922d98,6102f92d040633f0a2b80b91,APPROVED,2021-08-25 19:21:15.888000,2021-08-25 19:52:13.743000,1857.855,22,217,0,100,2021-08-25 19:57:46.238000,9EC36FE2,United States,United States,Full-Time,English,English,Real Estate Rental and Leasing,United States,Female,No
61269b54fd985d93bbe5066d,61006bcb609561af30dac310,APPROVED,2021-08-25 19:34:45.961000,2021-08-25 19:42:29.028000,463.067,24,40,1,96,2021-08-25 19:57:46.335000,9EC36FE2,United States,United States,Full-Time,English,English,Real Estate Rental and Leasing,United States,Female,No
6126a7afbae9f03bebac4d5a,6126749c50ad9c08370b6796,APPROVED,2021-08-25 20:35:32.569000,2021-08-25 20:45:18.794000,586.225,24,26,0,100,2021-08-26 00:59:49.836000,9EC36FE2,United States,United States,Full-Time,English,English,Real Estate Rental and Leasing,United States,Female,No
6126a9678378ffcfbdf5b869,6112d26181fd4056a6f275e0,APPROVED,2021-08-25 20:34:51.166000,2021-08-25 20:41:18.204000,387.038,34,288,1,100,2021-08-26 00:59:49.892000,9EC36FE2,United States,United States,Part-Time,English,English,Real Estate Rental and Leasing,United States,Female,No
6126ab1a5a65dc0910ad191a,61008433043513828c95b4f7,APPROVED,2021-08-25 20:42:04.490000,2021-08-25 21:04:23.578000,1339.088,20,119,0,100,2021-08-26 00:59:49.947000,9EC36FE2,United States,United States,Part-Time,English,English,Real Estate Rental and Leasing,United States,Female,Yes
6126c0ba4e8e21f2d937f655,6112b216249f50def8ed8d60,APPROVED,2021-08-25 22:14:20.761000,2021-08-25 22:20:25.407000,364.646,27,85,1,100,2021-08-26 00:59:50,9EC36FE2,United States,United States,Full-Time,English,English,Real Estate Rental and Leasing,United States,Female,No
6126c165e0fe7c481e636b4f,6110ce5a05a190c6f2bd9fe4,APPROVED,2021-08-25 22:17:14.093000,2021-08-25 22:27:56.645000,642.552,20,217,0,100,2021-08-26 00:59:50.056000,9EC36FE2,United States,United States,Part-Time,English,English,Real Estate Rental and Leasing,United States,Female,No
6126c9902b936e7aed78a318,60ff2f00d86ba41274e66ff9,APPROVED,2021-08-25 22:52:44.168000,2021-08-25 22:58:07.033000,322.865,23,252,0,100,2021-08-26 00:59:50.134000,9EC36FE2,United States,United States,Full-Time,English,English,Real Estate Rental and Leasing,United States,Female,No
6126d1cab522b44c04fea0a1,5e38e49a8445881060c60eaf,APPROVED,2021-08-25 23:27:12.420000,2021-08-25 23:46:21.002000,1148.582,49,708,9,97,2021-08-26 00:59:50.190000,9EC36FE2,United States,United States,DATA EXPIRED,English,English,Real Estate Rental and Leasing,United States,Female,DATA EXPIRED
6126e9be8bcfd893b4b264c7,5c82a8cdfff8430015e9942f,APPROVED,2021-08-26 01:09:18.070000,2021-08-26 01:15:04.139000,346.069,34,2015,0,100,2021-08-26 14:37:09.413000,9EC36FE2,United States,United States,Full-Time,English,English,Real Estate Rental and Leasing,United States,Male,No
6126f30814e4dafdc3492d34,6108796994756f00c4913453,APPROVED,2021-08-26 01:49:01.970000,2021-08-26 01:55:59.595000,417.625,27,73,2,98,2021-08-26 14:37:09.485000,9EC36FE2,United States,United States,Full-Time,English,English,Real Estate Rental and Leasing,United States,Female,No
6126fb4935e4dfbf43fb5e06,60c7993ae27e383b79729c3d,APPROVED,2021-08-26 02:25:39.287000,2021-08-26 02:39:41.869000,842.582,33,113,0,100,2021-08-26 14:37:09.552000,9EC36FE2,United States,United States,DATA EXPIRED,English,English,Real Estate Rental and Leasing,United States,Female,DATA EXPIRED
61273d11d54cbb9732ce096c,5f4baaa7a1cde577b7149b50,APPROVED,2021-08-26 07:04:59.918000,2021-08-26 07:41:54.298000,2214.38,29,387,0,100,2021-08-26 14:37:09.622000,9EC36FE2,United States,United States,DATA EXPIRED,English,English,Real Estate Rental and Leasing,United States,Male,DATA EXPIRED
612787f98a328bf2e0ba3927,5d37c9cf6e3b4f0016f2ebe5,APPROVED,2021-08-26 12:24:27.298000,2021-08-26 12:32:56.408000,509.11,32,1031,7,99,2021-08-26 14:37:09.700000,9EC36FE2,United States,United States,Full-Time,English,English,Real Estate Rental and Leasing,United States,Male,No
61278cc79c99635d4e1f5ff9,60fee897a8024435bf25bcff,APPROVED,2021-08-26 12:45:01.535000,2021-08-26 12:52:07.797000,426.262,22,68,2,96,2021-08-26 14:37:09.780000,9EC36FE2,United States,United States,Full-Time,English,English,Real Estate Rental and Leasing,United States,Female,No
61278e77baf68a051d27b287,6111b790e6c59555421f3b82,TIMED-OUT,2021-08-26 12:52:07.145000,,12210913.303125,28,2,0,100,,,United States,United States,Full-Time,English,English,Real Estate Rental and Leasing,United States,Female,No
612791fbe0be3471ecd22b73,610d780a69de1c9eebfc2700,APPROVED,2021-08-26 13:07:33.421000,2021-08-26 13:18:33.676000,660.255,30,114,1,100,2021-08-26 14:37:09.860000,9EC36FE2,United States,United States,Full-Time,English,English,Real Estate Rental and Leasing,United States,Male,No
61279986d3d32a3ff760901d,61116fa0d9fd46ba1427122a,APPROVED,2021-08-26 13:39:53.837000,2021-08-26 13:49:18.681000,564.844,30,97,0,100,2021-08-26 14:37:09.931000,9EC36FE2,United States,United States,Full-Time,English,English,Real Estate Rental and Leasing,United States,Female,No
6127a737714eb4435fa46b45,61083e50d5c3a0c8c5d9c10d,APPROVED,2021-08-26 14:37:47.232000,2021-08-26 14:45:17.016000,449.784,38,206,3,99,2021-08-26 17:38:03.447000,9EC36FE2,Brazil,United States,Full-Time,Portuguese,"English, Portuguese",Real Estate Rental and Leasing,United States,Female,No
6127ab8ba3d400c180012d48,60fdb943e189aa12ae3d9e3e,APPROVED,2021-08-26 14:56:12.986000,2021-08-26 15:01:43.312000,330.326,28,67,0,100,2021-08-26 17:38:03.521000,9EC36FE2,United States,United States,Full-Time,English,English,Real Estate Rental and Leasing,United States,Female,No
6127b4b7829d3561686486b0,6108b0ab3cf673f576b3d851,APPROVED,2021-08-26 15:43:31.440000,2021-08-26 15:51:56.950000,505.51,20,81,0,100,2021-08-26 17:38:03.587000,9EC36FE2,United States,United States,Part-Time,English,English,Real Estate Rental and Leasing,United States,Female,Yes
6127ccc43d26740106af1d2e,61078a5d2ad96bbf0a352dd1,APPROVED,2021-08-26 17:17:59.466000,2021-08-26 17:28:56.763000,657.297,32,44,0,100,2021-08-26 17:38:03.656000,9EC36FE2,United States,United States,Full-Time,English,English,Real Estate Rental and Leasing,United States,Female,No
6127ce4b03c3ca14b134fa69,60ff2c00fe79baf13471c680,APPROVED,2021-08-26 17:24:27.952000,2021-08-26 17:32:35.936000,487.984,22,25,0,100,2021-08-26 17:38:03.722000,9EC36FE2,United States,United States,Full-Time,English,English,Real Estate Rental and Leasing,United States,Female,No
6127e2db1006a7faf1dbfca9,58cc6e1293dac30001d4abc6,APPROVED,2021-08-26 18:59:20.494000,2021-08-26 19:10:12.803000,652.309,51,2674,2,100,2021-08-27 17:32:21.934000,9EC36FE2,United States,United States,Full-Time,English,English,Real Estate Rental and Leasing,United States,Male,No
6127ee55cf6c27ab35bc2537,60334e184787303e807cc9c4,APPROVED,2021-08-26 19:41:11.489000,2021-08-26 19:49:21.549000,490.06,28,80,0,100,2021-08-27 17:32:21.998000,9EC36FE2,United States,United States,Full-Time,English,English,Real Estate Rental and Leasing,United States,Female,No
6127ef2414153d397fdb0195,6109b7ccf830b78674d452e7,APPROVED,2021-08-26 19:44:41.989000,2021-08-26 19:50:45.104000,363.115,27,10,0,100,2021-08-27 17:32:22.055000,9EC36FE2,Northern Mariana Islands,United States,Part-Time,Chinese,"English, Chinese",Real Estate Rental and Leasing,United States,Female,No
6127f34a04e4dc18f881efa6,60fe492f735fa1eea6340059,RETURNED,2021-08-26 20:02:21.361000,,12185099.258158,28,112,5,92,,,CONSENT REVOKED,CONSENT REVOKED,CONSENT REVOKED,CONSENT REVOKED,CONSENT REVOKED,CONSENT REVOKED,CONSENT REVOKED,CONSENT REVOKED,CONSENT REVOKED
6127fbaa06a348464c5d99ea,610046d8776e374f88b47f35,RETURNED,2021-08-26 20:38:05.984000,,12182954.64957,26,12,0,100,,,CONSENT REVOKED,CONSENT REVOKED,CONSENT REVOKED,CONSENT REVOKED,CONSENT REVOKED,CONSENT REVOKED,CONSENT REVOKED,CONSENT REVOKED,CONSENT REVOKED
61281eefe3ddab601321b7f4,5d269fedf6dec40019b87a59,APPROVED,2021-08-26 23:08:45.454000,2021-08-26 23:28:58.026000,1212.572,35,1192,4,100,2021-08-27 17:32:22.119000,9EC36FE2,United States,United States,Full-Time,English,English,Real Estate Rental and Leasing,United States,Male,No
6128d07327bec49d17b0c2f6,61278de7b133ee756901e02c,APPROVED,2021-08-27 11:45:57.577000,2021-08-27 11:53:31.217000,453.64,38,59,0,100,2021-08-27 17:32:22.176000,9EC36FE2,United States,United States,Full-Time,English,English,Real Estate Rental and Leasing,United States,Female,No
6129046ad639eb188ebb3da3,5ecff126aa853e08a8f95e5b,APPROVED,2021-08-27 15:27:43.507000,2021-08-27 15:35:07.495000,443.988,37,612,1,100,2021-08-27 17:32:22.238000,9EC36FE2,United States,United States,Full-Time,English,English,Real Estate Rental and Leasing,United States,Male,No
61290ad41a81d566dd8bfbe4,610045ad6324d24f74afda89,APPROVED,2021-08-27 15:55:15.070000,2021-08-27 16:07:03.914000,708.844,22,76,3,94,2021-08-27 17:32:22.300000,9EC36FE2,United States,United States,Full-Time,English,English,Real Estate Rental and Leasing,United States,Female,Yes
61290bf0465d3e6ae89283b5,5a3c39f08d005a000182a1c6,APPROVED,2021-08-27 15:59:53.314000,2021-08-27 16:15:56.585000,963.271,61,1379,0,100,2021-08-27 17:32:22.362000,9EC36FE2,United States,United States,DATA EXPIRED,English,English,Real Estate Rental and Leasing,United States,Female,DATA EXPIRED
61290d7c688a832512993b6e,610c94f0df37333a55ea42e1,APPROVED,2021-08-27 16:06:33.247000,2021-08-27 16:15:42.528000,549.281,35,65,1,100,2021-08-27 17:32:22.434000,9EC36FE2,United States,United States,Full-Time,English,English,Real Estate Rental and Leasing,United States,Female,Yes
6129162833ab4facc97a1b59,607145f633a2ffa719baf76a,APPROVED,2021-08-27 16:44:32.716000,2021-08-27 16:53:23.561000,530.845,29,258,0,100,2021-08-27 17:32:22.494000,9EC36FE2,United States,United States,Full-Time,English,"English, Russian",Real Estate Rental and Leasing,United States,Male,No
61292078ed6e51ab908c9525,610333040b0398e8b5ea8277,APPROVED,2021-08-27 17:27:31.601000,2021-08-27 17:36:24.001000,532.4,23,13,0,100,2021-08-29 14:56:44.570000,9EC36FE2,United States,United States,Full-Time,English,English,Real Estate Rental and Leasing,United States,Female,No
612922fcd56c0d5ebbd8e396,610748092959af4085d259d1,TIMED-OUT,2021-08-27 17:38:04.291000,,12107356.481609,29,10,0,100,,,United States,United States,Full-Time,English,English,Real Estate Rental and Leasing,United States,Female,No
61292ae884b6b4b18412462e,6108506c2fe0413c6e17a024,APPROVED,2021-08-27 18:12:02.798000,2021-08-27 18:16:06.538000,243.74,22,35,0,100,2021-08-29 14:56:44.633000,9EC36FE2,United States,United States,Full-Time,English,English,Real Estate Rental and Leasing,United States,Female,Yes
612938665c1728d80a0937a9,61114b774f9199a8f8f75de2,APPROVED,2021-08-27 19:09:33.048000,2021-08-27 19:17:45.223000,492.175,31,230,0,100,2021-08-29 14:56:44.688000,9EC36FE2,United States,United States,Full-Time,Spanish,"English, Spanish",Real Estate Rental and Leasing,United States,Female,No
61293bd95a3948eaec65452e,5ecc1798e3ca777cfb37b0f5,APPROVED,2021-08-27 19:24:09.724000,2021-08-27 19:56:54.999000,1965.275,32,545,1,100,2021-08-29 14:56:44.742000,9EC36FE2,United States,United States,Full-Time,English,English,Real Estate Rental and Leasing,United States,Male,Yes
61293e71b709fc99516a8f5d,591f9101acfd340001376293,APPROVED,2021-08-27 19:35:21.257000,2021-08-27 20:15:57.511000,2436.254,79,2025,4,100,2021-08-29 14:56:44.795000,9EC36FE2,United States,United States,DATA EXPIRED,English,English,Real Estate Rental and Leasing,United States,Male,DATA EXPIRED
612946a7e94c4c3f4611b50d,611549a7aff7e0daf2003df0,APPROVED,2021-08-27 20:10:35.187000,2021-08-27 20:20:34.849000,599.662,22,19,0,100,2021-08-29 14:56:44.864000,9EC36FE2,United States,United States,Full-Time,English,"English, Spanish",Real Estate Rental and Leasing,United States,Female,Yes
61294fc21c5d1fc4b17c604f,60fce80bbd3231aa4cee08c8,TIMED-OUT,2021-08-27 20:49:06.388000,,12095894.485866,47,266,4,98,,,United States,United States,Full-Time,English,English,Real Estate Rental and Leasing,United States,Female,No
61296d161aad51148c4ebbe1,60ff4c6536890252c799b3f9,APPROVED,2021-08-27 22:54:21.473000,2021-08-27 22:58:28.019000,246.546,27,36,0,100,2021-08-29 14:56:44.930000,9EC36FE2,United States,United States,Full-Time,English,English,Real Estate Rental and Leasing,United States,Female,No
6129797f08225b6c5d2f2883,6100808e82f5aacaa328ade3,APPROVED,2021-08-27 23:47:14.956000,2021-08-27 23:52:04.980000,290.024,30,53,1,98,2021-08-29 14:56:45.004000,9EC36FE2,United States,United States,Full-Time,English,English,Real Estate Rental and Leasing,United States,Female,No
612979a950e7ec4a241232b3,6108487aae97d9fc0a886632,RETURNED,2021-08-27 23:47:57.492000,,12085163.436454,28,63,0,100,,,CONSENT REVOKED,CONSENT REVOKED,CONSENT REVOKED,CONSENT REVOKED,CONSENT REVOKED,CONSENT REVOKED,CONSENT REVOKED,CONSENT REVOKED,CONSENT REVOKED
6129f71b30d1d1f336bf2533,61285cf28945bc2392a649bb,APPROVED,2021-08-28 08:43:22.507000,2021-08-28 08:52:30.534000,548.027,33,105,3,97,2021-08-29 14:56:45.090000,9EC36FE2,United States,United States,Part-Time,English,English,Real Estate Rental and Leasing,United States,Male,No
612aa8145a7976d116824c3d,5e69d26e9452140389f5070f,APPROVED,2021-08-28 21:18:18.278000,2021-08-28 21:22:53.552000,275.274,35,705,1,100,2021-08-29 14:56:45.171000,9EC36FE2,United States,United States,Full-Time,English,English,Real Estate Rental and Leasing,United States,Male,No
612ad4c94ca21ebfbbd7b27e,61092df978b4ca1fc8bf46ca,REJECTED,2021-08-29 00:29:00.423000,2021-08-29 00:32:47.601000,227.178,32,10,1,97,2021-08-29 14:56:28.608000,9EC36FE2,United States,United States,Full-Time,English,English,Real Estate Rental and Leasing,United States,Female,No
612b1fec4bb5b93cdce2db99,5e52d0122f5f952f2a7b6b28,APPROVED,2021-08-29 05:49:34.494000,2021-08-29 05:54:32.031000,297.537,37,805,0,100,2021-08-29 14:56:45.250000,9EC36FE2,United States,United States,DATA EXPIRED,English,English,Real Estate Rental and Leasing,United States,Male,DATA EXPIRED
612b86b9f0fcef7ba8ff718e,5dbc46b70338051eb7999760,APPROVED,2021-08-29 13:08:13.010000,2021-08-29 13:16:46.092000,513.082,44,1778,4,100,2021-08-29 14:56:45.304000,9EC36FE2,United States,United States,Part-Time,English,English,Real Estate Rental and Leasing,United States,Female,No
612ba77e008b4a6733be0489,61008822fe73d98313d44903,APPROVED,2021-08-29 15:27:58.317000,2021-08-29 15:35:33.724000,455.407,66,100,4,96,2021-08-29 18:36:12.309000,9EC36FE2,"Venezuela, Bolivarian Republic of",United States,Part-Time,English,English,Real Estate Rental and Leasing,United States,Male,No
612bb78ff40a42f7c54dcd40,6108bc72804afe3663847bfa,TIMED-OUT,2021-08-29 16:36:31.791000,,11938249.269198,27,17,0,100,,,United States,United States,Full-Time,English,English,Real Estate Rental and Leasing,United States,Female,No
612bf70ac861dce7f24933ad,6108b2cdc9fed60bc04bede4,APPROVED,2021-08-29 21:07:24.454000,2021-08-29 21:14:09.148000,404.694,30,89,1,100,2021-08-29 21:36:43.371000,9EC36FE2,United States,United States,Full-Time,English,English,Real Estate Rental and Leasing,United States,Female,No
612bf9f4610316fbaaf1db46,611ff50de3f4642b22228331,APPROVED,2021-08-29 21:20:07.461000,2021-08-29 21:28:17.229000,489.768,23,80,2,96,2021-08-29 21:36:43.429000,9EC36FE2,United States,United States,Full-Time,English,English,Real Estate Rental and Leasing,United States,Female,No
612cd1ec6c8e7b352b881e02,612648079fa0866dd2bce10b,APPROVED,2021-08-30 12:41:22.058000,2021-08-30 12:50:43.616000,561.558,37,322,1,100,2021-08-30 14:15:51.478000,9EC36FE2,United States,United States,Full-Time,English,English,Real Estate Rental and Leasing,United States,Male,No
612ce9c6b6e80a92dbe4d101,6111a1562121911e80e5f3cc,APPROVED,2021-08-30 14:23:05.631000,2021-08-30 14:33:11.512000,605.881,38,256,0,100,2021-08-30 15:10:00.507000,9EC36FE2,United States,United States,Full-Time,English,English,Real Estate Rental and Leasing,United States,Female,No
612cf5c2c2b3be3fe8b8e19e,61004e97f92885d264bf9d2e,APPROVED,2021-08-30 15:14:14.711000,2021-08-30 15:22:02.643000,467.932,26,84,0,100,2021-08-30 15:26:40.854000,9EC36FE2,United States,United States,Full-Time,English,English,Real Estate Rental and Leasing,United States,Female,No
612cfd349a6fd8059ffd9078,6111319e76b4f95ffa5cca91,REJECTED,2021-08-30 15:45:59.264000,2021-08-30 15:49:45.630000,226.366,23,41,1,99,2021-08-31 02:03:20.572000,9EC36FE2,United States,United States,Full-Time,English,English,Real Estate Rental and Leasing,United States,Female,No
612d0a73225263b1b2a754ef,6111a6a15856a0217a9a9f2c,APPROVED,2021-08-30 16:42:27.823000,2021-08-30 16:47:34.636000,306.813,24,56,1,99,2021-08-31 02:03:32.019000,9EC36FE2,United States,United States,Full-Time,Spanish,"Spanish, English",Real Estate Rental and Leasing,United States,Female,Yes
612d27f07a3dd937e330d235,612d03ee769147cf34390c0a,APPROVED,2021-08-30 18:48:29.648000,2021-08-30 18:58:57.620000,627.972,28,235,0,100,2021-08-31 02:03:32.076000,9EC36FE2,United States,United States,Full-Time,English,English,Real Estate Rental and Leasing,United States,Male,No
612d29a4c1562014135cd9f9,610080f92c9d7385f46bc69a,RETURNED,2021-08-30 19:06:00.029000,,11842881.195534,32,47,1,99,,,CONSENT REVOKED,CONSENT REVOKED,CONSENT REVOKED,CONSENT REVOKED,CONSENT REVOKED,CONSENT REVOKED,CONSENT REVOKED,CONSENT REVOKED,CONSENT REVOKED
612d38229b22ae244639e201,60fdabd93a136b7a66824a2f,APPROVED,2021-08-30 19:57:33.579000,2021-08-30 20:04:26.192000,412.613,24,134,1,100,2021-08-31 02:03:32.135000,9EC36FE2,United States,United States,Full-Time,English,English,Real Estate Rental and Leasing,United States,Female,No
612d4046f5fcb21791fe52ec,61008c9dff809fea6dc197d6,APPROVED,2021-08-30 20:32:09.714000,2021-08-30 20:47:11.613000,901.899,24,18,0,100,2021-08-31 02:03:32.193000,9EC36FE2,United States,United States,Full-Time,English,English,Real Estate Rental and Leasing,United States,Female,No
612d5d97f3f9e0875266bfad,61088910bddfa626e90bab3f,TIMED-OUT,2021-08-30 22:37:22.024000,,11830199.246633,29,9,0,100,,,United States,United States,Full-Time,English,English,Real Estate Rental and Leasing,United States,Female,No
612d81aad0523881a5019d50,60ecb027f71d5762180fa10d,APPROVED,2021-08-31 01:11:21.620000,2021-08-31 01:19:00.734000,459.114,36,209,0,100,2021-08-31 02:03:32.257000,9EC36FE2,United States,United States,DATA EXPIRED,English,English,Real Estate Rental and Leasing,United States,Male,DATA EXPIRED
612e2e8bf7051d7fc2c31062,60fe2acf489de0236d9de6a1,APPROVED,2021-08-31 13:28:45.665000,2021-08-31 13:35:44.960000,419.295,23,128,3,98,2021-08-31 13:51:45.508000,9EC36FE2,United States,United States,Full-Time,English,English,Real Estate Rental and Leasing,United States,Female,Yes
612e40bcd1c936d8c7ca6171,5efd12bb12f04114e442283c,RETURNED,2021-08-31 14:46:23.499000,,11772057.818587,62,1153,6,99,,,CONSENT REVOKED,CONSENT REVOKED,CONSENT REVOKED,CONSENT REVOKED,CONSENT REVOKED,CONSENT REVOKED,CONSENT REVOKED,CONSENT REVOKED,CONSENT REVOKED
612e4ac9856561d6c2f5a639,611dab81366e4341dfcf0e36,APPROVED,2021-08-31 15:29:15.713000,2021-08-31 15:35:59.459000,403.746,22,54,0,100,2021-08-31 16:11:00.833000,9EC36FE2,United States,United States,Full-Time,English,"English, Chinese",Real Estate Rental and Leasing,United States,Male,Yes
612e6dde45764c4f8e6ff9b9,6108607a9546dcaa4c2bd4b6,APPROVED,2021-08-31 17:59:06.482000,2021-08-31 18:07:14.324000,487.842,30,4,0,100,2021-09-01 18:01:46.802000,9EC36FE2,United States,United States,Full-Time,English,English,Real Estate Rental and Leasing,United States,Female,No
612e737c714a6fb718f18c96,61039d74992593e1e1e92d4b,RETURNED,2021-08-31 18:32:52.791000,,11758468.594963,66,52,1,97,,,CONSENT REVOKED,CONSENT REVOKED,CONSENT REVOKED,CONSENT REVOKED,CONSENT REVOKED,CONSENT REVOKED,CONSENT REVOKED,CONSENT REVOKED,CONSENT REVOKED
612ead04a09d7c5b2557b43c,6113e883f8c2273088a38d5b,TIMED-OUT,2021-08-31 22:28:22.741000,,11744338.662503,20,48,0,100,,,United States,United States,Part-Time,English,English,Real Estate Rental and Leasing,United States,Female,Yes
612ed68e6ce53bdc93757425,5ef39889a60ba311a96059ed,APPROVED,2021-09-01 01:25:35.624000,2021-09-01 01:32:42.855000,427.231,19,891,0,100,2021-09-01 18:01:46.966000,9EC36FE2,United States,United States,DATA EXPIRED,English,"Chinese, English",Real Estate Rental and Leasing,United States,Female,Yes
612f76bf6a9838dbf0020cc8,6108ba1232e7f92c23e6367b,APPROVED,2021-09-01 12:49:04.884000,2021-09-01 12:52:34.470000,209.586,26,87,2,98,2021-09-01 18:01:47.098000,9EC36FE2,United States,United States,Full-Time,English,English,Real Estate Rental and Leasing,United States,Female,No
612fb611dd07e7d2aaa86ba0,5f68cc35f5d6dd0443562571,APPROVED,2021-09-01 17:19:22.706000,2021-09-01 17:27:33.677000,490.971,57,271,0,100,2021-09-01 18:01:47.289000,9EC36FE2,Finland,United States,Full-Time,English,English,Real Estate Rental and Leasing,United States,Male,No
61300c9ecf70c0c6d42bd2db,6102e88e310c20d8a6144487,RETURNED,2021-09-01 23:39:00.046000,,11653701.43468,24,44,0,100,,,CONSENT REVOKED,CONSENT REVOKED,CONSENT REVOKED,CONSENT REVOKED,CONSENT REVOKED,CONSENT REVOKED,CONSENT REVOKED,CONSENT REVOKED,CONSENT REVOKED
613020e27fa31ec20a897e1e,6101ed39f939f9662014e6a7,APPROVED,2021-09-02 00:55:00.403000,2021-09-02 01:00:52.478000,352.075,19,51,0,100,2021-09-02 03:05:04.826000,9EC36FE2,United States,United States,Part-Time,English,English,Real Estate Rental and Leasing,United States,Female,Yes
61311708ae4c630fa5940437,61080eaae202b0ef135056a5,APPROVED,2021-09-02 18:25:17.646000,2021-09-02 18:31:41.597000,383.951,23,386,1,100,2021-09-03 16:21:58.189000,9EC36FE2,United States,United States,Part-Time,English,English,Real Estate Rental and Leasing,United States,Female,No
61323f60b60c7059ff42c13d,6110862cef1928ea76619763,APPROVED,2021-09-03 15:29:36.989000,2021-09-03 15:36:56.526000,439.537,30,25,0,100,2021-09-03 16:21:57.246000,9EC36FE2,United States,United States,Full-Time,English,"English, Spanish",Real Estate Rental and Leasing,United States,Female,No
6132e5d20bdd2f141f553976,610de78aebf57d8573b4d950,APPROVED,2021-09-04 03:19:50.377000,2021-09-04 03:32:38.928000,768.551,19,30,0,100,2021-09-04 14:30:12.908000,9EC36FE2,United States,United States,Part-Time,English,English,Real Estate Rental and Leasing,United States,Female,Yes
6132fccab76aac08aa8fe36f,61326754c30ccc2f4312d482,APPROVED,2021-09-04 05:05:40.866000,2021-09-04 05:13:11.475000,450.609,24,123,0,100,2021-09-04 14:30:14.244000,9EC36FE2,United States,United States,Part-Time,English,English,Real Estate Rental and Leasing,United States,Male,Yes
613427b4e42342c99f2d4739,5faf939d083ddf092a5d6e23,APPROVED,2021-09-05 02:13:11.027000,2021-09-05 02:19:57.248000,406.221,36,214,2,99,2021-09-06 01:39:00.599000,9EC36FE2,United States,United States,Full-Time,Chinese,"Chinese, English",Real Estate Rental and Leasing,United States,Male,No
61342d2abcaf329fd7b55585,60fec7794a3fad182b902978,APPROVED,2021-09-05 02:36:26.424000,2021-09-05 02:40:46.214000,259.79,24,229,2,100,2021-09-06 01:39:01.723000,9EC36FE2,United States,United States,Full-Time,English,English,Real Estate Rental and Leasing,United States,Female,No
613443972b926a0de3da1072,6100e640b44a283901c520fd,APPROVED,2021-09-05 04:12:13.970000,2021-09-05 04:21:00.658000,526.688,51,150,0,100,2021-09-06 01:39:02.898000,9EC36FE2,United States,United States,Unemployed (and job seeking),English,English,Real Estate Rental and Leasing,United States,Female,No
61359edbe41528334d2706d1,607727c8c3cfd6baa5c09d31,APPROVED,2021-09-06 04:53:50.053000,2021-09-06 04:59:41.048000,350.995,51,129,0,100,2021-09-06 18:51:33.020000,9EC36FE2,United States,United States,DATA EXPIRED,English,English,Real Estate Rental and Leasing,United States,Male,DATA EXPIRED
6136694a597ce9c106046449,6110a2e3e78aa5d714f3ba42,APPROVED,2021-09-06 19:17:42.407000,2021-09-06 19:24:37.829000,415.422,39,3,0,100,2021-09-06 19:30:56.942000,9EC36FE2,United States,United States,Full-Time,English,English,Real Estate Rental and Leasing,United States,Female,No
61377b499f616c16375cb046,5cdad620eae6f70019d4e950,APPROVED,2021-09-07 14:46:35.734000,2021-09-07 14:58:55.728000,739.994,32,2059,2,100,2021-09-07 15:19:00.562000,9EC36FE2,United States,United States,Full-Time,English,English,Real Estate Rental and Leasing,United States,Male,No
61381cdcd1d390a4a8f28ed7,5f31575ea1285460d5fa56d7,APPROVED,2021-09-08 02:15:59.244000,2021-09-08 02:26:45.588000,646.344,27,494,4,100,2021-09-08 21:15:18.574000,9EC36FE2,United States,United States,DATA EXPIRED,English,English,Real Estate Rental and Leasing,United States,Male,No
6138f3c2f6c31cbd87bf452e,60fdbb0d541f63625cf1bbf4,RETURNED,2021-09-08 17:33:27.229000,,11070834.486477,21,56,0,100,,,CONSENT REVOKED,CONSENT REVOKED,CONSENT REVOKED,CONSENT REVOKED,CONSENT REVOKED,CONSENT REVOKED,CONSENT REVOKED,CONSENT REVOKED,CONSENT REVOKED
613a4a6792c3489291b6afd9,5d8a933cfd1c0600010425f4,APPROVED,2021-09-09 17:54:49.464000,2021-09-09 18:00:02.072000,312.608,28,349,0,100,2021-09-10 20:09:04.694000,9EC36FE2,United States,United States,DATA EXPIRED,English,English,Real Estate Rental and Leasing,United States,Male,No
613a4b629b6818248f71b168,60cea69737f75473d084ddc1,APPROVED,2021-09-09 17:59:06.628000,2021-09-09 18:03:29.587000,262.959,32,224,3,99,2021-09-10 20:09:03.265000,9EC36FE2,United States,United States,DATA EXPIRED,English,English,Real Estate Rental and Leasing,United States,Male,DATA EXPIRED
613ab2a0061806878f6d3e06,6131386ddbcee3ce9ce6eb64,REJECTED,2021-09-10 01:19:30.471000,2021-09-10 01:22:33.791000,183.32,35,25,1,97,2021-09-10 20:10:38.284000,9EC36FE2,United States,United States,Full-Time,English,English,Real Estate Rental and Leasing,United States,Male,No
613b84d4954bb50ee19bc242,5e8bd7044f71ac0c45cb3b52,APPROVED,2021-09-10 16:17:17.028000,2021-09-10 16:27:47.025000,629.997,26,79,1,100,2021-09-10 20:08:58.881000,9EC36FE2,United States,United States,DATA EXPIRED,Vietnamese,"English, Chinese",Real Estate Rental and Leasing,United States,Female,DATA EXPIRED
613d3a6917c67b3df1f5a756,60257a593444df0f0876bcbc,APPROVED,2021-09-11 23:23:29.884000,2021-09-11 23:27:02.381000,212.497,20,524,10,97,2021-09-14 17:34:41.107000,9EC36FE2,United States,United States,Part-Time,English,"French, English, Spanish",Real Estate Rental and Leasing,United States,Male,Yes
613d7033a56933e038a56bf7,5f97354dccf5e90cefd27efb,APPROVED,2021-09-12 03:12:57.916000,2021-09-12 03:23:53.976000,656.06,32,454,0,100,2021-09-14 16:33:52.526000,9EC36FE2,United States,United States,Full-Time,English,English,Real Estate Rental and Leasing,United States,Female,No
613e5de01f010e09e7a6a717,613e19b189b05f24b6206290,APPROVED,2021-09-12 20:07:01.423000,2021-09-12 20:14:25.207000,443.784,61,223,2,99,2021-09-14 16:33:55.250000,9EC36FE2,United States,United States,Part-Time,English,English,Real Estate Rental and Leasing,United States,Female,No
613feca8a710f3faed808414,60fc9f768e0d35f34b0c4b0a,APPROVED,2021-09-14 00:28:24.548000,2021-09-14 00:39:49.505000,684.957,26,5,0,100,2021-09-14 16:33:56.471000,9EC36FE2,United States,United States,Full-Time,English,English,Real Estate Rental and Leasing,United States,Female,No
6140cac73bbc47c8baeaf947,608b1542e9ce610f9f5e6f3b,APPROVED,2021-09-14 16:16:16.054000,2021-09-14 16:28:56.630000,760.576,55,63,0,100,2021-09-14 16:33:57.569000,9EC36FE2,United States,United States,DATA EXPIRED,English,English,Real Estate Rental and Leasing,United States,Female,DATA EXPIRED
6142206c0ea5118a9f37f583,5c7ead380ce9a10016fb5ebf,APPROVED,2021-09-15 16:33:50.762000,2021-09-15 16:38:49.883000,299.121,22,1350,7,100,2021-09-16 00:58:15.237000,9EC36FE2,United States,United States,DATA EXPIRED,English,"Spanish, English, Portuguese",Real Estate Rental and Leasing,United States,Male,Yes
61422f153ef67798f027e3d9,6109711034644ce4f26f9469,APPROVED,2021-09-15 17:36:24.745000,2021-09-15 17:45:23.524000,538.779,25,73,0,100,2021-09-16 00:58:14.096000,9EC36FE2,United States,United States,Full-Time,English,English,Real Estate Rental and Leasing,United States,Female,No
6143821957f0e9d27d20b160,61141864d14de0d5a35cdd0a,APPROVED,2021-09-16 17:42:51.815000,2021-09-16 17:50:47.921000,476.106,23,53,0,100,2021-09-20 22:24:11.291000,9EC36FE2,United States,United States,Full-Time,Spanish,"English, Spanish",Real Estate Rental and Leasing,United States,Female,Yes
6144a33479223994b72c1750,5d48a33bbe0cc900179c594a,APPROVED,2021-09-17 14:16:23.491000,2021-09-17 14:21:05.334000,281.843,35,601,4,99,2021-09-20 22:24:11.358000,9EC36FE2,United States,United States,Full-Time,English,English,Real Estate Rental and Leasing,United States,Female,Yes
614647b6b7dccaf249346cc1,5ea70cb937a9600c5cf200d1,APPROVED,2021-09-18 20:10:35.372000,2021-09-18 20:24:18.245000,822.873,36,109,0,100,2021-09-20 22:24:11.421000,9EC36FE2,United States,United States,Full-Time,English,English,Real Estate Rental and Leasing,United States,Male,No
61470209d89e884d3915703f,6078b164d87e8b5c2b1dd903,APPROVED,2021-09-19 09:25:38.676000,2021-09-19 09:52:20.850000,1602.174,58,143,0,100,2021-09-20 22:24:11.492000,9EC36FE2,United States,United States,Part-Time,English,English,Real Estate Rental and Leasing,United States,Male,No
6148b9476fc5b384916c31a3,61083e2ef20467f5c8e41f5a,APPROVED,2021-09-20 16:39:39.059000,2021-09-20 16:49:58.319000,619.26,24,174,0,100,2021-09-20 22:24:11.556000,9EC36FE2,United States,United States,Full-Time,English,English,Real Estate Rental and Leasing,United States,Female,No
6149592bfe2d35882549f290,6110b845ff51ddb0730b372a,APPROVED,2021-09-21 04:01:47.079000,2021-09-21 04:05:59.537000,252.458,22,2,0,100,2021-09-21 15:38:35.259000,9EC36FE2,United States,United States,Full-Time,English,English,Real Estate Rental and Leasing,United States,Female,No
6149fe6e840e4e25dc90b703,6148ea50509c9ce6c1f023c0,APPROVED,2021-09-21 15:48:37.236000,2021-09-21 16:08:49.422000,1212.186,63,398,7,96,2021-09-22 03:42:04.342000,9EC36FE2,United States,United States,Part-Time,English,English,Real Estate Rental and Leasing,United States,Male,No
614a3b43e95a46836bc9db08,6101e97d767c564665cadb96,APPROVED,2021-09-21 20:06:36.013000,2021-09-21 20:13:46.664000,430.651,33,35,0,100,2021-09-22 03:42:05.340000,9EC36FE2,United States,United States,Full-Time,English,English,Real Estate Rental and Leasing,United States,Female,No
614bc0cb285d37a7d8e46f9f,60fedef416f23b9065c85276,APPROVED,2021-09-22 23:50:40.777000,2021-09-22 23:56:33.758000,352.981,54,37,0,100,2021-09-23 18:26:33.541000,9EC36FE2,United States,United States,Full-Time,English,English,Real Estate Rental and Leasing,United States,Female,No
614bf56130baece773901a64,6110ac5897e578726d1ec0a6,APPROVED,2021-09-23 03:32:56.722000,2021-09-23 03:41:10.318000,493.596,27,62,0,100,2021-09-23 18:26:34.431000,9EC36FE2,United States,United States,Full-Time,English,English,Real Estate Rental and Leasing,United States,Female,Yes
614decc50dae9b6541a4e437,610857f0192db5df24cbf525,RETURNED,2021-09-24 15:20:37.053000,,9696405.061865,34,11,0,100,,,CONSENT REVOKED,CONSENT REVOKED,CONSENT REVOKED,CONSENT REVOKED,CONSENT REVOKED,CONSENT REVOKED,CONSENT REVOKED,CONSENT REVOKED,CONSENT REVOKED
614ee5704965824a021341cb,614e783318b6676a54a1adea,APPROVED,2021-09-25 09:01:54.594000,2021-09-25 09:10:09.008000,494.414,37,15,0,100,2021-09-25 14:31:34.829000,9EC36FE2,United States,United States,Full-Time,English,English,Real Estate Rental and Leasing,United States,Male,No
614f6514c3a68e83561d6f78,60fd99a29ba1d383c791d205,APPROVED,2021-09-25 18:06:17.569000,2021-09-25 18:14:41.728000,504.159,40,51,0,100,2021-09-27 15:04:25.704000,9EC36FE2,United States,United States,Full-Time,English,English,Real Estate Rental and Leasing,United States,Female,No
614f9cd56c8072a211de985d,5e88d8b5ecf1c0567795f842,APPROVED,2021-09-25 22:06:31.441000,2021-09-25 22:13:13.137000,401.696,24,300,2,100,2021-09-27 15:04:25.782000,9EC36FE2,United States,United States,DATA EXPIRED,English,English,Real Estate Rental and Leasing,United States,Female,DATA EXPIRED
614fe62dd8ac025fff2105e3,614e7b54f09492420a35513a,APPROVED,2021-09-26 03:17:03.911000,2021-09-26 03:26:47.304000,583.393,28,201,2,100,2021-09-27 15:04:25.850000,9EC36FE2,Ukraine,United States,Full-Time,Russian,"English, Russian",Real Estate Rental and Leasing,United States,Male,No
61506ec8bbf2e14a9a176665,6107fce8af1c792e57fed530,APPROVED,2021-09-26 12:59:54.452000,2021-09-26 13:05:34.753000,340.301,45,181,2,99,2021-09-27 15:04:25.925000,9EC36FE2,United States,United States,Full-Time,English,English,Real Estate Rental and Leasing,United States,Female,No
6150c3c3ff16d770ee74866f,614f50e4b8cce68940a82bb1,APPROVED,2021-09-26 19:02:27.731000,2021-09-26 19:07:55.435000,327.704,34,30,1,99,2021-09-27 15:04:26.020000,9EC36FE2,United States,United States,Full-Time,English,English,Real Estate Rental and Leasing,United States,Male,No
6151f1eb746db3c5ceb31c4c,614e01ec09fee40743410df8,APPROVED,2021-09-27 16:35:19.272000,2021-09-27 16:49:54.036000,874.764,35,28,0,100,2021-09-29 05:02:15.935000,9EC36FE2,United States,United States,Full-Time,English,English,Real Estate Rental and Leasing,United States,Female,No
6152118d8426e8bb7a22c83e,6151c93f62e26ed6871a5fbd,APPROVED,2021-09-27 18:46:40.590000,2021-09-27 18:51:52.754000,312.164,49,542,1,100,2021-09-29 05:02:15.994000,9EC36FE2,United States,United States,Full-Time,English,English,Real Estate Rental and Leasing,United States,Male,No
61536a9d5a0882ee9cf9d539,614f7c5402d773ae5181feb7,APPROVED,2021-09-28 19:18:56.125000,2021-09-28 19:24:13.484000,317.359,45,187,1,100,2021-09-29 05:02:16.045000,9EC36FE2,United States,United States,Full-Time,English,English,Real Estate Rental and Leasing,United States,Female,No
6154ca09ebf0312e7786f8aa,614f623bc873640cf60c7767,APPROVED,2021-09-29 20:18:22.441000,2021-09-29 20:27:56.811000,574.37,48,298,2,100,2021-09-30 02:46:10.681000,9EC36FE2,United States,United States,Full-Time,English,English,Real Estate Rental and Leasing,United States,Male,No
6155cba50a9c1b49a01a2e68,60d4997d1bd76f712546af18,APPROVED,2021-09-30 14:37:30.991000,2021-09-30 14:41:59.064000,268.073,24,39,0,100,2021-10-01 22:03:08.670000,9EC36FE2,United States,United States,DATA EXPIRED,English,English,Real Estate Rental and Leasing,United States,Male,DATA EXPIRED
6155e01561865dc3259eeb34,614feb250528d35115119c64,RETURNED,2021-09-30 16:04:41.604000,,9175360.74499,26,1,0,100,,,CONSENT REVOKED,CONSENT REVOKED,CONSENT REVOKED,CONSENT REVOKED,CONSENT REVOKED,CONSENT REVOKED,CONSENT REVOKED,CONSENT REVOKED,CONSENT REVOKED
615691ae2ba80ce805a3ed6a,614e2f38cb8cb1fdfa7d1a42,APPROVED,2021-10-01 04:42:26.609000,2021-10-01 04:58:30.790000,964.181,31,10,0,100,2021-10-01 22:03:08.746000,9EC36FE2,United States,United States,Full-Time,English,English,Real Estate Rental and Leasing,United States,Male,Yes
61582308e651a77d136b60c3,5fbae54831099083583afff0,APPROVED,2021-10-02 09:15:06.549000,2021-10-02 09:30:55.547000,948.998,44,751,3,100,2021-10-02 16:00:58.362000,9EC36FE2,United States,United States,DATA EXPIRED,English,English,Real Estate Rental and Leasing,United States,Male,DATA EXPIRED
61587dee9870259f252313ad,600f866735414d1875345b92,APPROVED,2021-10-02 15:42:40.970000,2021-10-02 15:55:18.463000,757.493,26,573,1,100,2021-10-02 16:00:58.420000,9EC36FE2,United States,United States,Full-Time,English,English,Real Estate Rental and Leasing,United States,Female,Yes
615a52090f99cc7dd659a2c6,5b9ece575813c900011800ae,APPROVED,2021-10-04 01:00:01.810000,2021-10-04 01:05:25.369000,323.559,21,930,2,100,2021-10-04 15:27:07.036000,9EC36FE2,United States,United States,Full-Time,English,English,Real Estate Rental and Leasing,United States,Female,Yes
615b3cbb4efe06bbca83859a,5dd5ab52393bd3567eec92a9,APPROVED,2021-10-04 17:41:19.844000,2021-10-04 17:59:53.651000,1113.807,48,504,5,97,2021-10-06 18:13:46.575000,9EC36FE2,United States,United States,Full-Time,English,English,Real Estate Rental and Leasing,United States,Male,Yes
615b47c01ec23bded4180e4c,615066e9c1976791594cd706,RETURNED,2021-10-04 18:29:11.864000,,8821090.618265,38,115,1,98,,,CONSENT REVOKED,CONSENT REVOKED,CONSENT REVOKED,CONSENT REVOKED,CONSENT REVOKED,CONSENT REVOKED,CONSENT REVOKED,CONSENT REVOKED,CONSENT REVOKED
615b5d3cad104f2370d44109,6101a61c7028ef118b714841,APPROVED,2021-10-04 20:00:00.085000,2021-10-04 20:04:40.222000,280.137,20,26,0,100,2021-10-06 18:13:46.635000,9EC36FE2,United States,United States,Part-Time,English,English,Real Estate Rental and Leasing,United States,Female,Yes
615ca86b7221be25da9aadae,60368a80844cd3d1a83d0123,APPROVED,2021-10-05 19:33:01.278000,2021-10-05 19:40:07.103000,425.825,24,182,2,98,2021-10-06 18:13:46.701000,9EC36FE2,United States,United States,DATA EXPIRED,English,English,Real Estate Rental and Leasing,United States,Male,DATA EXPIRED
615d3666a9b85cc5929e7a7f,60fcc3ba174af897bbc7e85e,APPROVED,2021-10-06 05:38:48.870000,2021-10-06 05:46:57.696000,488.826,28,144,1,100,2021-10-06 18:13:46.763000,9EC36FE2,United States,United States,Full-Time,English,English,Real Estate Rental and Leasing,United States,Female,No
615e54d07bb0d2dbb5b7392d,615a6b965dd3d5305487629e,APPROVED,2021-10-07 02:00:48.703000,2021-10-07 02:20:45.853000,1197.15,41,8,0,100,2021-10-07 13:11:21.126000,9EC36FE2,United States,United States,Part-Time,English,"English, Spanish",Real Estate Rental and Leasing,United States,Female,No
615f0b7688287c70dfa20071,5ca4e7d55b5b780012e25b54,APPROVED,2021-10-07 15:03:18.706000,2021-10-07 15:21:54.379000,1115.673,34,909,0,100,2021-10-08 18:13:16.219000,9EC36FE2,United States,United States,Part-Time,English,English,DATA EXPIRED,United States,Female,No
615f32c77cf891a233ef78f5,615dd72db4b29c60820bf598,APPROVED,2021-10-07 17:47:53.958000,2021-10-07 17:59:38,704.042,55,15,0,100,2021-10-08 18:13:16.324000,9EC36FE2,United States,United States,Full-Time,English,English,Real Estate Rental and Leasing,United States,Male,No
615f6c5017723ef96a3c9eb9,5c23daf62c45d40001486ed7,APPROVED,2021-10-07 21:53:26.251000,2021-10-07 22:00:01.634000,395.383,30,616,1,100,2021-10-08 18:13:16.436000,9EC36FE2,United States,United States,Full-Time,English,English,Real Estate Rental and Leasing,United States,Female,No
615fedadb9ec3c0df4719295,5dee16d963c5794b4eec6b03,RETURNED,2021-10-08 07:05:17.122000,,8516525.489147,46,387,2,100,,,CONSENT REVOKED,CONSENT REVOKED,CONSENT REVOKED,CONSENT REVOKED,CONSENT REVOKED,CONSENT REVOKED,CONSENT REVOKED,CONSENT REVOKED,CONSENT REVOKED
6161f348f2a710f371ee11ad,5f75f66541d27f011212af83,APPROVED,2021-10-09 19:55:57.902000,2021-10-09 20:03:09.760000,431.858,26,349,0,100,2021-10-09 21:40:08.502000,9EC36FE2,United States,United States,Full-Time,English,English,Real Estate Rental and Leasing,United States,Female,Yes
616493882ec0c0489b41ba5d,610760b021519d5bff12bcd7,APPROVED,2021-10-11 19:42:07.844000,2021-10-11 19:56:21.223000,853.379,45,52,0,100,2021-10-11 22:39:01.135000,9EC36FE2,United States,United States,Full-Time,English,English,Real Estate Rental and Leasing,United States,Female,No
6165b318dd7cbc7ad2278f9e,615fc254af92e0a81d9701eb,APPROVED,2021-10-12 16:08:59.294000,2021-10-12 16:18:06.881000,547.587,22,34,0,100,2021-10-14 15:28:55.379000,9EC36FE2,United States,United States,Part-Time,English,English,Real Estate Rental and Leasing,United States,Male,Yes
61666e4b5b35069ae1b8e129,5e987a22826ef708dc75c698,APPROVED,2021-10-13 05:27:47.615000,2021-10-13 05:47:18.742000,1171.127,65,1024,2,100,2021-10-14 15:28:55.451000,9EC36FE2,United States,United States,DATA EXPIRED,English,English,Real Estate Rental and Leasing,United States,Female,No
61673c0a9ca096667e2cff35,6165acfc826170dc8c7f981c,APPROVED,2021-10-13 20:05:38.356000,2021-10-13 20:25:48.910000,1210.554,29,41,0,100,2021-10-14 15:28:55.519000,9EC36FE2,DATA EXPIRED,United States,Full-Time,English,English,Real Estate Rental and Leasing,United States,Male,No
61684c019cb8d0f1ceb44c5c,60e48ca0eeea3bdacd6d207c,RETURNED,2021-10-14 15:25:56.378000,,7968086.326131,36,117,2,98,,,CONSENT REVOKED,CONSENT REVOKED,CONSENT REVOKED,CONSENT REVOKED,CONSENT REVOKED,CONSENT REVOKED,CONSENT REVOKED,CONSENT REVOKED,CONSENT REVOKED
61684e754d9cd6f1ffe3bc6b,5d4b572c99d03e0001c829da,APPROVED,2021-10-14 15:36:25.797000,2021-10-14 15:49:15.317000,769.52,31,502,3,99,2021-10-15 16:27:52.253000,9EC36FE2,United States,United States,Full-Time,English,English,Real Estate Rental and Leasing,United States,Female,No
616a25d1a348ca6e78352e28,6169da45a5005a4376c970d3,APPROVED,2021-10-16 01:07:36.774000,2021-10-16 01:18:00.203000,623.429,22,20,0,100,2021-10-18 15:10:39.164000,9EC36FE2,United States,United States,Part-Time,English,English,Real Estate Rental and Leasing,United States,Female,Yes
616c4e07772b7da5030bba06,60fe29f09ba0cc7e85e17021,APPROVED,2021-10-17 16:23:37.455000,2021-10-17 16:32:46.424000,548.969,34,342,0,100,2021-10-18 15:10:39.305000,9EC36FE2,United States,United States,Full-Time,English,English,Real Estate Rental and Leasing,United States,Female,No
616cef4b7cfe8e8f23ac3cc5,616a4c4d29fa673a2303bc30,APPROVED,2021-10-18 03:51:41.403000,2021-10-18 04:02:07.119000,625.716,41,62,1,99,2021-10-18 15:10:39.452000,9EC36FE2,Israel,United States,Full-Time,Arabic,"Arabic, English, German, Hebrew, Portuguese, French",Real Estate Rental and Leasing,United States,Male,No
616d9ed69195265ff1982f4a,5bb101078f3bd70001e51bfe,APPROVED,2021-10-18 16:20:40.473000,2021-10-18 16:25:20.265000,279.792,54,489,6,98,2021-10-18 21:09:53.383000,9EC36FE2,United States,United States,Full-Time,English,English,Real Estate Rental and Leasing,United States,Male,No
616f26598cb79327da2dfbff,615de660dcf2c9e5d504e7bd,TIMED-OUT,2021-10-19 20:11:07.689000,,7518975.109467,27,27,0,100,,,United States,United States,Full-Time,English,English,Real Estate Rental and Leasing,United States,Female,No
616f3cac6f4853f2644ce44c,5a9392896475f900019fa179,APPROVED,2021-10-19 21:46:25.586000,2021-10-19 22:03:46.603000,1041.017,31,242,1,100,2021-10-20 17:40:08.394000,9EC36FE2,United States,United States,Full-Time,English,English,Real Estate Rental and Leasing,United States,Male,DATA EXPIRED
616f4b2ade4ad12720f290f2,546ec14dfdf99b2bc7ebd032,RETURNED,2021-10-19 22:48:17.487000,,7509545.34088,57,1621,2,100,,,CONSENT REVOKED,CONSENT REVOKED,CONSENT REVOKED,CONSENT REVOKED,CONSENT REVOKED,CONSENT REVOKED,CONSENT REVOKED,CONSENT REVOKED,CONSENT REVOKED
616f50dd865738ad5d94f94a,606de608f2c5f779895155c8,APPROVED,2021-10-19 23:12:44.713000,2021-10-19 23:19:55.699000,430.986,20,330,3,99,2021-10-20 17:40:08.481000,9EC36FE2,United States,United States,Part-Time,English,English,Real Estate Rental and Leasing,United States,Female,Yes
616f5bc988b4a40481641a4e,611d9d3a4b08e2ff149ecb90,APPROVED,2021-10-19 23:59:08.471000,2021-10-20 00:05:18.285000,369.814,28,71,1,100,2021-10-20 17:40:08.556000,9EC36FE2,United States,United States,Full-Time,English,"English, Spanish",Real Estate Rental and Leasing,United States,Male,No
6170500a5ec771672bfbda82,61129d7071bcd30717d896ea,APPROVED,2021-10-20 17:21:17.425000,2021-10-20 17:26:36.149000,318.724,28,43,1,99,2021-10-20 17:40:08.628000,9EC36FE2,United States,United States,Full-Time,English,English,Real Estate Rental and Leasing,United States,Female,No
