,StartDate,EndDate,Status,IPAddress,Progress,duration,Finished,RecordedDate,ResponseId,RecipientLastName,RecipientFirstName,RecipientEmail,ExternalReference,LocationLatitude,LocationLongitude,DistributionChannel,UserLanguage,Q_RecaptchaScore,Q2.1_Id,Q2.1_Name,Q2.1_Size,Q2.1_Type,prolific_id,dt_q1,dt_q2,understood_system_did_well_dt,system_confusing_complicated_dt,system_confusing_confusing_dt,understood_system_easy_to_understand_dt,system_confusing_hard_to_remember_dt,understood_system_predictable_dt,understood_system_how_it_works_dt,understood_system_inputs_and_outputs_dt,lr_q1,lr_q2,understood_system_did_well_lr,system_confusing_complicated_lr,system_confusing_confusing_lr,understood_system_easy_to_understand_lr,system_confusing_hard_to_remember_lr,understood_system_predictable_lr,understood_system_how_it_works_lr,understood_system_inputs_and_outputs_lr,bb_no_shap_q1,bb_no_shap_q2,understood_system_did_well_bb_no_shap,system_confusing_complicated_bb_no_shap,system_confusing_confusing_bb_no_shap,understood_system_easy_to_understand_bb_no_shap,system_confusing_hard_to_remember_bb_no_shap,understood_system_predictable_bb_no_shap,understood_system_how_it_works_bb_no_shap,understood_system_inputs_and_outputs_bb_no_shap,bb_shap_q1,bb_shap_q2,understood_system_did_well_bb_shap,system_confusing_complicated_bb_shap,system_confusing_confusing_bb_shap,understood_system_easy_to_understand_bb_shap,system_confusing_hard_to_remember_bb_shap,understood_system_predictable_bb_shap,understood_system_how_it_works_bb_shap,understood_system_inputs_and_outputs_bb_shap,Q9.1,Q9.2,Q9.3_1,Q9.3_2,Q9.3_3,Q9.3_4,Q9.4,PROLIFIC_PID,dataset_name,bb_profile_1,bb_profile_2,int_profile_1,int_profile_2,first_model,bb_model,int_model,taken_in_appropiate_time_window,int_q1_correct_answer,int_q2_correct_answer,bb_q1_correct_answer,bb_q2_correct_answer,q1_is_correct_int,q1_is_correct_bb,q2_is_correct_int,q2_is_correct_bb,understood_system_bb,understood_system_int,system_confusing_bb,system_confusing_int
0,2021-08-23 22:54:23,2021-08-23 23:00:14,IP Address,104.35.20.232,100,351,True,2021-08-23 23:00:15,R_yqnE1JHcvGdFz7H,,,,,33.92999267578125,-117.94770050048828125,anonymous,EN,1,F_z6iKgOtuJxyuhMZ,signature.png,14093,image/png,6102d3c05c31cb5c38158b34,,,,,,,,,,,Fail,First year grade,5.0,5.0,4.0,2.0,2.0,4.0,4.0,4.0,,,,,,,,,,,Pass,First year grade,5.0,5.0,5.0,2.0,4.0,4.0,4.0,4.0,8,Not knowledgeable at all,No,No,Yes,No,No,6102d3c05c31cb5c38158b34,education,2,4,1,4,int,shap,lr,True,Fail,First year grade,Pass,First year grade,1,1,1,1,3.8,3.8,4.666666666666667,3.6666666666666665
1,2021-08-23 23:24:31,2021-08-23 23:31:44,IP Address,47.147.135.146,100,433,True,2021-08-23 23:31:45,R_2sErBZc7mlGv79v,,,,,33.7902984619140625,-118.12149810791015625,anonymous,EN,1,F_1P8lvw788zdBWFh,signature.png,14986,image/png,610b88a14eed14f2b8b17b86,,,,,,,,,,,Pass,Number of absences,2.0,4.0,4.0,4.0,4.0,2.0,2.0,2.0,Fail,First year grade,4.0,2.0,4.0,4.0,2.0,4.0,4.0,4.0,,,,,,,,,,,16,Not knowledgeable at all,No,No,No,No,No,610b88a14eed14f2b8b17b86,education,1,3,4,1,bb,no_shap,lr,True,Pass,First year grade,Fail,First year grade,1,1,0,1,4.0,2.4,2.6666666666666665,4.0
2,2021-08-23 23:55:52,2021-08-24 00:01:24,IP Address,68.172.164.31,100,332,True,2021-08-24 00:01:26,R_BEeWM93HGxSRK8N,,,,,43.2122955322265625,-77.69950103759765625,anonymous,EN,0.89999997615814208984375,F_1cTaUoQcmSH3xbZ,signature.png,12886,image/png,610c24152939c927ad421fa9,Pass,First year grade,4.0,2.0,1.0,5.0,4.0,3.0,5.0,5.0,,,,,,,,,,,Fail,First year grade,4.0,1.0,1.0,5.0,2.0,4.0,5.0,5.0,,,,,,,,,,,5,Slightly knowledgeable,No,No,Yes,No,No,610c24152939c927ad421fa9,education,3,2,4,3,int,no_shap,dt,True,Pass,First year grade,Fail,First year grade,1,1,1,1,4.6,4.4,1.3333333333333333,2.3333333333333335
3,2021-08-24 00:12:19,2021-08-24 00:21:13,IP Address,24.165.25.108,100,534,True,2021-08-24 00:21:14,R_PAMuZ9Y8gMdN4S5,,,,,21.2816925048828125,-157.8249969482421875,anonymous,EN,0.89999997615814208984375,F_3k1cfNl8IpZWqxi,signature.png,15188,image/png,60fd5178af4a40ee405f57cf,Fail,First year grade,4.0,4.0,3.0,4.0,5.0,4.0,4.0,5.0,,,,,,,,,,,,,,,,,,,,,Fail,First year grade,4.0,3.0,3.0,4.0,4.0,3.0,4.0,4.0,0,Slightly knowledgeable,No,No,No,No,No,60fd5178af4a40ee405f57cf,education,1,2,1,4,bb,shap,dt,True,Fail,First year grade,Fail,First year grade,1,1,1,1,3.8,4.2,3.3333333333333335,4.0
4,2021-08-24 00:19:30,2021-08-24 00:28:18,IP Address,107.133.143.192,100,527,True,2021-08-24 00:28:19,R_7UR8fT0mMTamY1P,,,,,34.1623992919921875,-118.12750244140625,anonymous,EN,1,F_3lFk7l2JISgLF69,signature.png,18484,image/png,60fc576e3a4df1ba622a76a1,,,,,,,,,,,Pass,First year grade,2.0,4.0,4.0,2.0,4.0,3.0,2.0,4.0,,,,,,,,,,,Pass,First year grade,4.0,4.0,4.0,3.0,4.0,3.0,4.0,4.0,2,Not knowledgeable at all,No,No,No,No,No,60fc576e3a4df1ba622a76a1,education,2,4,4,1,int,shap,lr,True,Pass,First year grade,Pass,First year grade,1,1,1,1,3.6,2.6,4.0,4.0
5,2021-08-24 00:26:55,2021-08-24 00:33:58,IP Address,108.49.32.202,100,422,True,2021-08-24 00:33:58,R_32JgaURTMECz9Om,,,,,42.56390380859375,-70.94629669189453125,anonymous,EN,1,F_Z1rUb0sFZUCzSHD,signature.png,12292,image/png,6108bae61196a3bd6fc3a24b,Fail,First year grade,3.0,2.0,2.0,4.0,2.0,4.0,4.0,4.0,,,,,,,,,,,,,,,,,,,,,Pass,First year grade,5.0,1.0,1.0,5.0,1.0,4.0,5.0,5.0,2,Moderately knowledgeable,No,No,No,No,No,6108bae61196a3bd6fc3a24b,education,4,2,1,2,int,shap,dt,True,Fail,First year grade,Pass,First year grade,1,1,1,1,4.8,3.8,1.0,2.0
6,2021-08-24 00:36:46,2021-08-24 00:48:20,IP Address,173.172.230.160,100,694,True,2021-08-24 00:48:21,R_3e4dH3tBn60smlx,,,,,32.76849365234375,-96.68090057373046875,anonymous,EN,0.89999997615814208984375,F_2yf6Sza7e7nLgVp,signature.png,15810,image/png,60fd0dd1b8b6c7057d178986,,,,,,,,,,,Fail,First year grade,4.0,5.0,5.0,2.0,5.0,5.0,4.0,4.0,,,,,,,,,,,Pass,First year grade,5.0,2.0,1.0,4.0,1.0,4.0,5.0,3.0,3,Slightly knowledgeable,Yes,No,Yes,No,No,60fd0dd1b8b6c7057d178986,education,1,2,3,1,int,shap,lr,True,Fail,First year grade,Fail,First year grade,1,0,1,1,4.2,3.8,1.3333333333333333,5.0
7,2021-08-24 01:14:37,2021-08-24 01:22:58,IP Address,104.9.232.139,100,500,True,2021-08-24 01:22:58,R_ulbijuqy9FMsS1r,,,,,32.804595947265625,-97.19370269775390625,anonymous,EN,1,F_02iLelub1F8Xqw1,signature.png,8586,image/png,610dd9b10888c8a8801619d0,Pass,First year grade,5.0,4.0,3.0,3.0,5.0,3.0,4.0,4.0,,,,,,,,,,,,,,,,,,,,,Pass,First year grade,5.0,4.0,4.0,2.0,3.0,4.0,3.0,4.0,4,Slightly knowledgeable,Yes,Yes,Yes,Yes,No,610dd9b10888c8a8801619d0,education,1,4,2,1,int,shap,dt,True,Pass,First year grade,Fail,First year grade,1,0,1,1,3.6,3.8,3.6666666666666665,4.0
8,2021-08-24 02:39:19,2021-08-24 02:47:14,IP Address,174.103.0.57,100,475,True,2021-08-24 02:47:15,R_31GXhz4W0MZkX6a,,,,,37.7537994384765625,-87.07790374755859375,anonymous,EN,1,F_3n7z0I8VYhhRBnw,signature.png,14343,image/png,60fe250b3984cfdf32c05860,Fail,First year grade,4.0,5.0,5.0,1.0,4.0,3.0,3.0,3.0,,,,,,,,,,,,,,,,,,,,,Pass,Number of absences,4.0,5.0,5.0,2.0,4.0,3.0,3.0,3.0,20,Moderately knowledgeable,No,No,No,No,No,60fe250b3984cfdf32c05860,education,2,1,1,2,int,shap,dt,True,Fail,First year grade,Pass,First year grade,1,1,1,0,3.0,2.8,4.666666666666667,4.666666666666667
9,2021-08-24 03:16:28,2021-08-24 03:21:33,IP Address,69.18.251.234,100,305,True,2021-08-24 03:21:34,R_1nNj4NgSb6jflfd,,,,,38.3572998046875,-97.02010345458984375,anonymous,EN,0.89999997615814208984375,F_eA0fmy2Ewx2kJGN,signature.png,15837,image/png,60fd4b01d7a25b34ca38a180,,,,,,,,,,,Fail,First year grade,5.0,4.0,4.0,3.0,4.0,3.0,4.0,4.0,Pass,First year grade,5.0,4.0,4.0,3.0,4.0,3.0,4.0,4.0,,,,,,,,,,,14,Not knowledgeable at all,No,No,No,No,No,60fd4b01d7a25b34ca38a180,education,4,1,1,3,bb,no_shap,lr,True,Fail,First year grade,Pass,First year grade,1,1,1,1,3.8,3.8,4.0,4.0
10,2021-08-24 03:29:27,2021-08-24 03:38:33,IP Address,170.205.160.76,100,546,True,2021-08-24 03:38:34,R_3saxHJyWNcmrQud,,,,,32.3296966552734375,-80.84380340576171875,anonymous,EN,0.800000011920928955078125,F_2cu8vo1HhRBZ306,signature.png,4377,image/png,6116299415b3c97fce115cf2,Pass,Number of absences,3.0,3.0,3.0,3.0,3.0,3.0,3.0,3.0,,,,,,,,,,,,,,,,,,,,,Pass,Number of absences,3.0,3.0,4.0,3.0,3.0,4.0,3.0,3.0,8,Moderately knowledgeable,No,Yes,Yes,No,No,6116299415b3c97fce115cf2,education,1,3,1,3,int,shap,dt,True,Fail,First year grade,Fail,First year grade,0,0,0,0,3.2,3.0,3.3333333333333335,3.0
11,2021-08-24 03:30:18,2021-08-24 03:41:21,IP Address,75.140.160.60,100,662,True,2021-08-24 03:41:21,R_3nisMR49TqHbFbS,,,,,35.053497314453125,-82.058197021484375,anonymous,EN,0.89999997615814208984375,F_OvUpgAkJoDoo6VH,signature.png,3146,image/png,60fe7d3d92c313944b747465,Pass,Number of failures,3.0,3.0,4.0,3.0,4.0,3.0,4.0,3.0,,,,,,,,,,,,,,,,,,,,,,Mother's education level,3.0,3.0,4.0,3.0,3.0,3.0,3.0,3.0,8,,No,No,Yes,No,No,60fe7d3d92c313944b747465,education,3,2,3,1,bb,shap,dt,True,Fail,First year grade,Fail,First year grade,0,0,0,0,3.0,3.2,3.3333333333333335,3.6666666666666665
12,2021-08-24 03:41:51,2021-08-24 03:48:38,IP Address,74.108.149.19,100,406,True,2021-08-24 03:48:39,R_262Lofxfe7OteYU,,,,,40.7234954833984375,-73.7021026611328125,anonymous,EN,1,F_3CBgmkKfmOCcdk0,signature.png,8733,image/png,60fd5818ca3355de7e2d90d1,,,,,,,,,,,Pass,First year grade,5.0,2.0,2.0,2.0,5.0,4.0,5.0,5.0,,,,,,,,,,,Pass,First year grade,5.0,2.0,1.0,5.0,4.0,5.0,5.0,5.0,16,Not knowledgeable at all,Yes,No,No,No,No,60fd5818ca3355de7e2d90d1,education,2,3,4,3,bb,shap,lr,True,Pass,First year grade,Pass,First year grade,1,1,1,1,5.0,4.2,2.3333333333333335,3.0
13,2021-08-24 04:02:01,2021-08-24 04:09:35,IP Address,73.216.107.242,100,454,True,2021-08-24 04:09:36,R_2zFQekLHWooUWmX,,,,,39.0818939208984375,-78.1873016357421875,anonymous,EN,1,F_3ldRLKOiDGURDep,signature.png,14469,image/png,60fef598fdc5d86a5918c7df,Pass,First year grade,4.0,4.0,2.0,4.0,4.0,4.0,4.0,4.0,,,,,,,,,,,,,,,,,,,,,Pass,First year grade,4.0,4.0,4.0,2.0,4.0,4.0,4.0,4.0,10,Slightly knowledgeable,No,No,No,No,No,60fef598fdc5d86a5918c7df,education,4,1,2,4,int,shap,dt,True,Pass,First year grade,Pass,First year grade,1,1,1,1,3.6,4.0,4.0,3.3333333333333335
14,2021-08-24 03:54:24,2021-08-24 04:11:34,IP Address,138.207.200.104,100,1029,True,2021-08-24 04:11:35,R_pz27J6rzu53R4mB,,,,,41.91650390625,-71.89209747314453125,anonymous,EN,0.89999997615814208984375,F_12tcNQyUcQ4hB4o,signature.png,13487,image/png,610838e9e68b5ba7d2717e63,,,,,,,,,,,Fail,First year grade,2.0,4.0,4.0,2.0,4.0,4.0,4.0,4.0,,,,,,,,,,,Fail,First year grade,4.0,2.0,2.0,4.0,2.0,4.0,4.0,4.0,5,Not knowledgeable at all,No,No,Yes,No,No,610838e9e68b5ba7d2717e63,education,3,1,3,4,int,shap,lr,True,Fail,First year grade,Fail,First year grade,1,1,1,1,4.0,3.2,2.0,4.0
15,2021-08-24 04:04:29,2021-08-24 04:13:49,IP Address,74.128.193.44,100,559,True,2021-08-24 04:13:49,R_DPqOuyVZ29cT9Xr,,,,,39.963897705078125,-82.95890045166015625,anonymous,EN,1,F_3rFZGwVcPTvzeuZ,signature.png,6212,image/png,60fee6ca918d04eb1c492078,,,,,,,,,,,Fail,First year grade,5.0,4.0,4.0,2.0,2.0,4.0,4.0,4.0,Fail,First year grade,5.0,4.0,3.0,4.0,4.0,4.0,4.0,5.0,,,,,,,,,,,4,Not knowledgeable at all,No,No,No,No,No,60fee6ca918d04eb1c492078,education,1,4,1,2,int,no_shap,lr,True,Fail,First year grade,Fail,First year grade,1,1,1,1,4.4,3.8,3.6666666666666665,3.3333333333333335
16,2021-08-24 04:20:25,2021-08-24 04:47:05,IP Address,172.2.205.162,100,1600,True,2021-08-24 04:47:06,R_9zy3gnQcwLjyQGR,,,,,35.91510009765625,-79.097198486328125,anonymous,EN,1,F_2EujMWk3NBrNwNl,signature.png,7261,image/png,6115232b586ef6f12d4944dd,Fail,First year grade,4.0,2.0,2.0,4.0,3.0,4.0,4.0,4.0,,,,,,,,,,,Pass,First year grade,4.0,2.0,2.0,4.0,3.0,4.0,4.0,4.0,,,,,,,,,,,15,Slightly knowledgeable,Yes,Yes,Yes,Yes,No,6115232b586ef6f12d4944dd,education,2,4,3,2,int,no_shap,dt,True,Fail,First year grade,Pass,First year grade,1,1,1,1,4.0,4.0,2.3333333333333335,2.3333333333333335
17,2021-08-24 04:43:48,2021-08-24 04:57:45,IP Address,174.254.49.225,100,837,True,2021-08-24 04:57:46,R_b18YJLrxk0ehhdL,,,,,33.766693115234375,-84.3363037109375,anonymous,EN,0.89999997615814208984375,F_1K8YdsTtB7Wegkw,signature.png,8168,image/png,60fd618ec39088d5f4f138e3,,,,,,,,,,,Pass,First year grade,4.0,3.0,4.0,2.0,4.0,3.0,4.0,5.0,,,,,,,,,,,Fail,First year grade,5.0,2.0,2.0,4.0,2.0,2.0,5.0,5.0,3,Slightly knowledgeable,No,Yes,Yes,Yes,No,60fd618ec39088d5f4f138e3,education,1,3,2,3,bb,shap,lr,True,Pass,First year grade,Fail,First year grade,1,1,1,1,4.2,3.6,2.0,3.6666666666666665
18,2021-08-24 05:04:19,2021-08-24 05:12:39,IP Address,23.121.136.157,100,500,True,2021-08-24 05:12:40,R_1ovwlVbQC1Ouz2H,,,,,35.8390045166015625,-81.496002197265625,anonymous,EN,1,F_Dl8Bu65kD30DqRb,signature.png,23494,image/png,60fe090e38f969ce1f8ee8a4,,,,,,,,,,,Fail,First year grade,4.0,2.0,2.0,4.0,2.0,4.0,4.0,4.0,,,,,,,,,,,Pass,First year grade,4.0,4.0,4.0,2.0,1.0,4.0,4.0,4.0,11,Slightly knowledgeable,Yes,No,Yes,No,No,60fe090e38f969ce1f8ee8a4,education,4,2,1,3,bb,shap,lr,True,Fail,First year grade,Pass,First year grade,1,1,1,1,3.6,4.0,3.0,2.0
19,2021-08-24 05:12:13,2021-08-24 05:18:17,IP Address,100.37.226.31,100,363,True,2021-08-24 05:18:17,R_1dEpynH5jnqGwni,,,,,40.7306060791015625,-73.43129730224609375,anonymous,EN,1,F_3Ldy75ejDsR349P,signature.png,8966,image/png,61084b98e85644a25d8bb049,Pass,Quality of family relationships,4.0,2.0,2.0,4.0,4.0,3.0,4.0,4.0,,,,,,,,,,,,,,,,,,,,,I don't know,First year grade,1.0,5.0,5.0,1.0,5.0,1.0,1.0,1.0,6,Not knowledgeable at all,Yes,No,No,No,No,61084b98e85644a25d8bb049,education,1,4,2,3,int,shap,dt,True,Pass,First year grade,Fail,First year grade,1,0,0,1,1.0,3.8,5.0,2.6666666666666665
20,2021-08-24 05:16:52,2021-08-24 05:21:42,IP Address,71.150.223.158,100,289,True,2021-08-24 05:21:43,R_6eUZdSrdMu7djGN,,,,,32.89959716796875,-96.7906036376953125,anonymous,EN,1,F_2bJDQH7bbOr0pJk,signature.png,9214,image/png,61016201d4d3b40d406514cf,Fail,First year grade,5.0,2.0,2.0,4.0,2.0,4.0,4.0,4.0,,,,,,,,,,,Fail,First year grade,4.0,2.0,4.0,4.0,4.0,4.0,4.0,5.0,,,,,,,,,,,5,Slightly knowledgeable,No,No,Yes,No,No,61016201d4d3b40d406514cf,education,3,2,3,2,int,no_shap,dt,True,Fail,First year grade,Fail,First year grade,1,1,1,1,4.2,4.2,3.3333333333333335,2.0
21,2021-08-24 05:15:30,2021-08-24 05:22:09,IP Address,172.58.219.162,100,399,True,2021-08-24 05:22:10,R_2Bwy5wINao9OOi2,,,,,42.085693359375,-70.99900054931640625,anonymous,EN,0.89999997615814208984375,F_3pisAkanPkqwabd,signature.png,8237,image/png,60fccd4c1db45fe7be035e56,Pass,Mother's education level,5.0,1.0,2.0,4.0,2.0,4.0,5.0,4.0,,,,,,,,,,,Pass,First year grade,4.0,2.0,2.0,4.0,2.0,4.0,4.0,4.0,,,,,,,,,,,10,Moderately knowledgeable,Yes,No,Yes,No,No,60fccd4c1db45fe7be035e56,education,4,2,2,3,bb,no_shap,dt,True,Pass,First year grade,Pass,First year grade,1,1,0,1,4.0,4.4,2.0,1.6666666666666667
22,2021-08-24 05:20:20,2021-08-24 05:27:47,IP Address,99.2.56.121,100,446,True,2021-08-24 05:27:47,R_DT4dSZlcAAAykXD,,,,,32.550506591796875,-83.604400634765625,anonymous,EN,0.89999997615814208984375,F_1rj41ma3QNgIdga,signature.png,11018,image/png,6109a9a4ce69622233e2d6c0,Pass,Quality of family relationships,4.0,3.0,2.0,2.0,4.0,2.0,4.0,4.0,,,,,,,,,,,,,,,,,,,,,Fail,First year grade,5.0,3.0,2.0,4.0,2.0,4.0,4.0,5.0,2,Not knowledgeable at all,No,No,No,No,No,6109a9a4ce69622233e2d6c0,education,3,2,2,3,int,shap,dt,True,Pass,First year grade,Fail,First year grade,1,1,0,1,4.4,3.2,2.3333333333333335,3.0
23,2021-08-24 05:25:35,2021-08-24 05:33:15,IP Address,32.214.67.130,100,460,True,2021-08-24 05:33:16,R_AtbiAFCcC7Owvlv,,,,,41.9282989501953125,-72.64409637451171875,anonymous,EN,1,F_2EFulKg2LGX1lKz,signature.png,9112,image/png,6108b64c1d964c0a3faf4e29,Pass,First year grade,4.0,4.0,4.0,4.0,4.0,3.0,4.0,4.0,,,,,,,,,,,Pass,First year grade,4.0,4.0,3.0,2.0,4.0,4.0,4.0,4.0,,,,,,,,,,,15,Moderately knowledgeable,No,No,No,No,No,6108b64c1d964c0a3faf4e29,education,2,3,4,1,bb,no_shap,dt,True,Pass,First year grade,Pass,First year grade,1,1,1,1,3.6,3.8,3.6666666666666665,4.0
24,2021-08-24 05:28:00,2021-08-24 05:33:40,IP Address,69.119.185.221,100,340,True,2021-08-24 05:33:41,R_ysFGiM5pBuRlL8t,,,,,41.1696014404296875,-73.76920318603515625,anonymous,EN,1,F_23dIBNPsksmwKhT,signature.png,14526,image/png,611250ffb098d7c751be57a0,I don't know,First year grade,4.0,2.0,2.0,4.0,4.0,3.0,4.0,4.0,,,,,,,,,,,,,,,,,,,,,Pass,First year grade,4.0,2.0,2.0,4.0,2.0,4.0,4.0,4.0,9,Not knowledgeable at all,No,No,No,No,No,611250ffb098d7c751be57a0,education,4,2,2,4,int,shap,dt,True,Pass,First year grade,Pass,First year grade,0,1,1,1,4.0,3.8,2.0,2.6666666666666665
25,2021-08-24 05:31:34,2021-08-24 05:36:56,IP Address,66.222.88.70,100,321,True,2021-08-24 05:36:56,R_22Yvk1PoOVC7aOx,,,,,30.7303924560546875,-81.54620361328125,anonymous,EN,1,F_10CyTXB6OjIiIUz,signature.png,10400,image/png,6109631e0de937d75470c384,,,,,,,,,,,Pass,First year grade,4.0,3.0,3.0,3.0,4.0,3.0,4.0,4.0,,,,,,,,,,,Pass,First year grade,4.0,2.0,2.0,4.0,2.0,3.0,4.0,4.0,1,Not knowledgeable at all,No,No,No,No,No,6109631e0de937d75470c384,education,2,3,4,3,bb,shap,lr,True,Pass,First year grade,Pass,First year grade,1,1,1,1,3.8,3.6,2.0,3.3333333333333335
26,2021-08-24 05:33:32,2021-08-24 05:39:58,IP Address,69.255.158.113,100,386,True,2021-08-24 05:39:59,R_3O1vtm4cE2JeYfy,,,,,38.3791961669921875,-75.63069915771484375,anonymous,EN,1,F_SC2U3lwoOIYmo49,signature.png,12718,image/png,60f8d9621d5d71645a1cd5a7,,,,,,,,,,,Fail,First year grade,4.0,4.0,4.0,2.0,2.0,2.0,4.0,5.0,,,,,,,,,,,Pass,First year grade,5.0,2.0,2.0,4.0,2.0,4.0,4.0,5.0,12,Slightly knowledgeable,No,No,Yes,No,No,60f8d9621d5d71645a1cd5a7,education,4,3,1,2,bb,shap,lr,True,Fail,First year grade,Pass,First year grade,1,1,1,1,4.4,3.4,2.0,3.3333333333333335
27,2021-08-24 05:39:27,2021-08-24 05:47:40,IP Address,72.198.30.72,100,492,True,2021-08-24 05:47:40,R_7VXc43llDsQMsHn,,,,,35.2024993896484375,-97.48349761962890625,anonymous,EN,0.89999997615814208984375,F_1GvngZYyXyiZIWu,signature.png,8222,image/png,6110af22d84e8b4c36b2f254,,,,,,,,,,,Pass,First year grade,4.0,4.0,4.0,4.0,5.0,3.0,4.0,4.0,Fail,First year grade,4.0,4.0,4.0,4.0,4.0,3.0,4.0,4.0,,,,,,,,,,,7,Not knowledgeable at all,No,No,No,No,No,6110af22d84e8b4c36b2f254,education,1,3,1,4,int,no_shap,lr,True,Fail,First year grade,Fail,First year grade,0,1,1,1,3.8,3.8,4.0,4.333333333333333
28,2021-08-24 05:47:25,2021-08-24 05:53:44,IP Address,73.101.30.174,100,378,True,2021-08-24 05:53:45,R_3lJN7B8gnNu7ExM,,,,,41.2382049560546875,-76.997802734375,anonymous,EN,0.89999997615814208984375,F_QmqgaG1Zzwk774l,signature.png,8470,image/png,60f0b657628e906da13ac546,Fail,First year grade,5.0,1.0,1.0,4.0,2.0,4.0,4.0,5.0,,,,,,,,,,,Pass,Number of absences,5.0,1.0,1.0,5.0,1.0,4.0,5.0,5.0,,,,,,,,,,,26,Slightly knowledgeable,Yes,No,Yes,No,No,60f0b657628e906da13ac546,education,4,3,3,4,int,no_shap,dt,True,Fail,First year grade,Pass,First year grade,1,1,1,0,4.8,4.4,1.0,1.3333333333333333
29,2021-08-24 05:52:06,2021-08-24 05:59:43,IP Address,174.84.53.57,100,456,True,2021-08-24 05:59:44,R_3EFK2BOMijgijDY,,,,,42.9467926025390625,-83.8170013427734375,anonymous,EN,1,F_2t3xCzufgRdA6Qg,signature.png,6035,image/png,60fd82c409b4baa52c9c1bf1,,,,,,,,,,,Fail,First year grade,5.0,3.0,3.0,3.0,3.0,4.0,4.0,4.0,Fail,Number of absences,5.0,3.0,3.0,3.0,3.0,4.0,4.0,4.0,,,,,,,,,,,4,Slightly knowledgeable,No,No,No,No,No,60fd82c409b4baa52c9c1bf1,education,1,2,3,1,bb,no_shap,lr,True,Fail,First year grade,Fail,First year grade,1,1,1,0,4.0,4.0,3.0,3.0
30,2021-08-24 05:59:53,2021-08-24 06:04:44,IP Address,98.24.233.197,100,290,True,2021-08-24 06:04:44,R_2yrNy08qd6pokMw,,,,,34.7769927978515625,-77.37689971923828125,anonymous,EN,1,F_3EZ1bKkGQz6sndG,signature.png,11482,image/png,611161779f64723eec0e9f81,Pass,First year grade,5.0,3.0,4.0,2.0,2.0,3.0,4.0,4.0,,,,,,,,,,,Fail,First year grade,5.0,2.0,2.0,4.0,1.0,4.0,4.0,4.0,,,,,,,,,,,3,Moderately knowledgeable,Yes,No,Yes,No,No,611161779f64723eec0e9f81,education,1,3,4,3,bb,no_shap,dt,True,Pass,First year grade,Fail,First year grade,1,1,1,1,4.2,3.6,1.6666666666666667,3.0
31,2021-08-24 05:52:37,2021-08-24 06:04:51,IP Address,47.184.170.116,100,734,True,2021-08-24 06:04:52,R_3mfMuRb96pTti8j,,,,,32.9521942138671875,-96.66539764404296875,anonymous,EN,1,F_yVAMMbyx3XobjJT,signature.png,17589,image/png,61044773fe9cb608c4945244,Fail,First year grade,4.0,2.0,2.0,4.0,4.0,4.0,5.0,5.0,,,,,,,,,,,,,,,,,,,,,Fail,First year grade,5.0,1.0,1.0,5.0,4.0,4.0,5.0,4.0,25,Slightly knowledgeable,No,No,No,Yes,No,61044773fe9cb608c4945244,education,1,2,1,2,int,shap,dt,True,Fail,First year grade,Fail,First year grade,1,1,1,1,4.6,4.4,2.0,2.6666666666666665
32,2021-08-24 06:02:03,2021-08-24 06:11:29,IP Address,69.174.173.131,100,565,True,2021-08-24 06:11:30,R_2tyRT7RG4edjTcc,,,,,40.0565032958984375,-86.015899658203125,anonymous,EN,1,F_Dxb4m74CpnXMmPL,signature.png,14973,image/png,61153ff0cde779806635dafb,,,,,,,,,,,Fail,First year grade,5.0,2.0,2.0,4.0,2.0,5.0,5.0,5.0,,,,,,,,,,,Fail,First year grade,4.0,4.0,4.0,2.0,4.0,4.0,2.0,4.0,4,Very knowledgeable,Yes,Yes,Yes,Yes,No,61153ff0cde779806635dafb,education,1,2,1,4,int,shap,lr,True,Fail,First year grade,Fail,First year grade,1,1,1,1,3.2,4.8,4.0,2.0
33,2021-08-24 06:07:19,2021-08-24 06:16:20,IP Address,208.94.92.83,100,541,True,2021-08-24 06:16:21,R_2OJtQRFHpuAYpE5,,,,,36.97650146484375,-82.59429931640625,anonymous,EN,1,F_1lrRHnVbi8XP0QA,signature.png,18991,image/png,6102c40030be0b03a90276a1,Fail,Quality of family relationships,5.0,2.0,2.0,4.0,1.0,4.0,4.0,5.0,,,,,,,,,,,Pass,Number of failures,5.0,1.0,1.0,5.0,1.0,5.0,5.0,5.0,,,,,,,,,,,2,Not knowledgeable at all,No,No,No,No,No,6102c40030be0b03a90276a1,education,4,3,1,3,bb,no_shap,dt,True,Fail,First year grade,Pass,First year grade,1,1,0,0,5.0,4.4,1.0,1.6666666666666667
34,2021-08-24 06:04:42,2021-08-24 06:17:52,IP Address,98.229.50.234,100,790,True,2021-08-24 06:17:53,R_R7VLAdE6sA1xpiF,,,,,42.117706298828125,-72.644500732421875,anonymous,EN,1,F_25HChuaBY058mWO,signature.png,10704,image/png,60fec671ccb217533f5d976d,Fail,First year grade,5.0,1.0,1.0,5.0,1.0,4.0,5.0,5.0,,,,,,,,,,,,,,,,,,,,,Pass,First year grade,5.0,2.0,2.0,4.0,2.0,4.0,5.0,5.0,7,Moderately knowledgeable,Yes,Yes,Yes,Yes,No,60fec671ccb217533f5d976d,education,4,3,3,4,bb,shap,dt,True,Fail,First year grade,Pass,First year grade,1,1,1,1,4.6,4.8,2.0,1.0
35,2021-08-24 06:11:24,2021-08-24 06:18:46,IP Address,67.158.165.74,100,441,True,2021-08-24 06:18:47,R_r7My9e5ZkLSBtSh,,,,,42.646697998046875,-73.3715972900390625,anonymous,EN,1,F_1FzwY2fQzSNbuw5,signature.png,7247,image/png,61082f02c1d940bbb8c0f8d8,,,,,,,,,,,Pass,First year grade,5.0,2.0,2.0,4.0,1.0,4.0,4.0,5.0,,,,,,,,,,,Fail,First year grade,4.0,4.0,4.0,2.0,4.0,4.0,4.0,5.0,3,Slightly knowledgeable,No,No,Yes,No,No,61082f02c1d940bbb8c0f8d8,education,1,3,4,2,bb,shap,lr,True,Pass,First year grade,Fail,First year grade,1,1,1,1,3.8,4.4,4.0,1.6666666666666667
36,2021-08-24 06:09:12,2021-08-24 06:22:14,IP Address,174.20.111.74,100,781,True,2021-08-24 06:22:14,R_1rJLUzV7Ox5kOQl,,,,,44.998504638671875,-93.3029022216796875,anonymous,EN,0.800000011920928955078125,F_3kcReTlVDwU84ug,signature.png,12312,image/png,610773529b6ed4abe44cd28d,,,,,,,,,,,Fail,First year grade,4.0,4.0,4.0,2.0,4.0,2.0,4.0,2.0,,,,,,,,,,,Pass,First year grade,5.0,4.0,4.0,4.0,4.0,4.0,4.0,4.0,10,Slightly knowledgeable,Yes,Yes,Yes,Yes,No,610773529b6ed4abe44cd28d,education,2,3,1,4,bb,shap,lr,True,Fail,First year grade,Pass,First year grade,1,1,1,1,4.2,2.8,4.0,4.0
37,2021-08-24 06:18:33,2021-08-24 06:23:50,IP Address,96.4.138.42,100,316,True,2021-08-24 06:23:51,R_2EzZgtczo4PW1qj,,,,,36.0428009033203125,-89.3916015625,anonymous,EN,0.89999997615814208984375,F_2cc4b6dXQEWWJ16,signature.png,10635,image/png,60fcdf04d033481fde0e2298,,,,,,,,,,,Pass,First year grade,1.0,5.0,5.0,1.0,3.0,1.0,1.0,1.0,Pass,First year grade,5.0,2.0,2.0,4.0,1.0,4.0,4.0,5.0,,,,,,,,,,,7,Slightly knowledgeable,No,No,Yes,No,No,60fcdf04d033481fde0e2298,education,2,4,2,4,bb,no_shap,lr,True,Pass,First year grade,Pass,First year grade,1,1,1,1,4.4,1.0,1.6666666666666667,4.333333333333333
38,2021-08-24 06:21:08,2021-08-24 06:32:32,IP Address,71.125.27.228,100,684,True,2021-08-24 06:32:33,R_1KiLVLlvxwRkM33,,,,,41.0128936767578125,-73.75589752197265625,anonymous,EN,1,F_3RdW2wvaKcz25A1,signature.png,7842,image/png,60fccf6ae5091da95d953065,,,,,,,,,,,Pass,First year grade,4.0,4.0,4.0,3.0,4.0,4.0,4.0,5.0,,,,,,,,,,,Pass,First year grade,5.0,2.0,2.0,5.0,3.0,4.0,5.0,5.0,10,Slightly knowledgeable,No,No,Yes,No,No,60fccf6ae5091da95d953065,education,2,4,2,3,int,shap,lr,True,Pass,First year grade,Pass,First year grade,1,1,1,1,4.8,4.0,2.3333333333333335,4.0
39,2021-08-24 06:29:07,2021-08-24 06:34:42,IP Address,12.183.57.66,100,335,True,2021-08-24 06:34:43,R_3HnOcvu7kiXRSF8,,,,,32.40289306640625,-89.59490203857421875,anonymous,EN,,F_10Irr1DYDJQq7bj,signature.png,7559,image/png,60fd824309d4771826bfcfec,Fail,First year grade,5.0,2.0,2.0,4.0,2.0,4.0,5.0,4.0,,,,,,,,,,,,,,,,,,,,,Fail,First year grade,4.0,2.0,3.0,4.0,4.0,4.0,4.0,5.0,9,Knowledgeable,No,Yes,Yes,Yes,No,60fd824309d4771826bfcfec,education,4,1,2,3,bb,shap,dt,True,Pass,First year grade,Pass,First year grade,0,0,1,1,4.2,4.4,3.0,2.0
40,2021-08-24 06:21:49,2021-08-24 06:35:28,IP Address,71.235.113.110,100,819,True,2021-08-24 06:35:29,R_2TNw3KChuAj1i3y,,,,,41.4185943603515625,-73.12750244140625,anonymous,EN,0.89999997615814208984375,F_3iydpKrirwm9Knl,signature.png,7192,image/png,60e3c37fc7d2b819c3f3c45f,,,,,,,,,,,Fail,First year grade,5.0,1.0,1.0,5.0,2.0,4.0,5.0,5.0,Pass,First year grade,4.0,1.0,1.0,5.0,3.0,4.0,5.0,4.0,,,,,,,,,,,16,Slightly knowledgeable,No,No,Yes,No,No,60e3c37fc7d2b819c3f3c45f,education,2,4,3,1,bb,no_shap,lr,True,Fail,First year grade,Pass,First year grade,1,1,1,1,4.4,4.8,1.6666666666666667,1.3333333333333333
41,2021-08-24 06:44:52,2021-08-24 06:49:18,IP Address,32.213.152.131,100,265,True,2021-08-24 06:49:19,R_3s7HC7fhBUvD4ZY,,,,,41.257293701171875,-73.2111968994140625,anonymous,EN,0.89999997615814208984375,F_2f9VpnP4kK0sFgO,signature.png,12317,image/png,61153b4617feec5d5b18613a,Pass,First year grade,2.0,4.0,4.0,2.0,4.0,3.0,2.0,2.0,,,,,,,,,,,Fail,First year grade,4.0,4.0,4.0,2.0,4.0,3.0,2.0,2.0,,,,,,,,,,,3,Slightly knowledgeable,Yes,No,Yes,No,No,61153b4617feec5d5b18613a,education,1,3,2,3,bb,no_shap,dt,True,Pass,First year grade,Fail,First year grade,1,1,1,1,2.6,2.2,4.0,4.0
42,2021-08-24 06:43:27,2021-08-24 06:49:26,IP Address,99.68.241.171,100,359,True,2021-08-24 06:49:27,R_da6rsulEh5Ih1aF,,,,,41.4694061279296875,-81.85410308837890625,anonymous,EN,1,F_1rdYd7Q0VfGKBVQ,signature.png,20365,image/png,61002911760c6e19aa300503,Pass,First year grade,5.0,1.0,1.0,5.0,1.0,4.0,5.0,5.0,,,,,,,,,,,Pass,First year grade,5.0,1.0,1.0,5.0,2.0,4.0,5.0,5.0,,,,,,,,,,,4,Knowledgeable,Yes,Yes,No,Yes,No,61002911760c6e19aa300503,education,2,3,2,1,bb,no_shap,dt,True,Pass,First year grade,Pass,First year grade,1,1,1,1,4.8,4.8,1.3333333333333333,1.0
43,2021-08-24 06:45:07,2021-08-24 06:52:04,IP Address,98.167.130.206,100,417,True,2021-08-24 06:52:05,R_20ZODeuShw7nQIX,,,,,33.4792938232421875,-112.312103271484375,anonymous,EN,1,F_3gSoQnqDkIqToWS,signature.png,11560,image/png,6121dcbc616a3dcb6aaceefb,,,,,,,,,,,Fail,First year grade,4.0,2.0,3.0,3.0,1.0,4.0,3.0,5.0,Pass,First year grade,5.0,2.0,2.0,4.0,1.0,3.0,4.0,5.0,,,,,,,,,,,2,Moderately knowledgeable,No,No,No,No,No,6121dcbc616a3dcb6aaceefb,education,2,1,1,3,int,no_shap,lr,True,Fail,First year grade,Pass,First year grade,1,1,1,1,4.2,3.8,1.6666666666666667,2.0
44,2021-08-24 06:47:20,2021-08-24 06:53:49,IP Address,96.4.17.7,100,388,True,2021-08-24 06:53:50,R_2a9KZ29rIllgmFw,,,,,36.217803955078125,-85.54229736328125,anonymous,EN,1,F_2EGGNxBb30H1Liu,signature.png,8576,image/png,5f1b2a0146ce431186055813,Pass,First year grade,4.0,4.0,4.0,3.0,5.0,3.0,4.0,4.0,,,,,,,,,,,,,,,,,,,,,Pass,First year grade,2.0,5.0,4.0,2.0,5.0,3.0,3.0,4.0,12,Moderately knowledgeable,Yes,Yes,Yes,Yes,No,5f1b2a0146ce431186055813,education,1,3,4,2,int,shap,dt,True,Pass,First year grade,Fail,First year grade,1,0,1,1,2.8,3.6,4.666666666666667,4.333333333333333
45,2021-08-24 06:43:26,2021-08-24 06:55:15,IP Address,67.171.97.10,100,708,True,2021-08-24 06:55:16,R_PAl2Wha21kJtj21,,,,,39.6519927978515625,-79.12740325927734375,anonymous,EN,1,F_3QXL3rdfVbTeYQt,signature.png,10950,image/png,61001e0da44d884fa49cd3b6,Pass,Quality of family relationships,4.0,2.0,2.0,4.0,3.0,4.0,4.0,4.0,,,,,,,,,,,,,,,,,,,,,Pass,First year grade,4.0,2.0,2.0,4.0,2.0,4.0,4.0,4.0,4,Slightly knowledgeable,No,No,Yes,Yes,No,61001e0da44d884fa49cd3b6,education,4,2,2,3,int,shap,dt,True,Pass,First year grade,Pass,First year grade,1,1,0,1,4.0,4.0,2.0,2.3333333333333335
46,2021-08-24 06:49:24,2021-08-24 06:55:24,IP Address,67.234.34.8,100,360,True,2021-08-24 06:55:25,R_3htHydENby7yhwd,,,,,36.39990234375,-82.45490264892578125,anonymous,EN,1,F_2ZWa8mbiRaTsa0I,signature.png,12631,image/png,61111e62a241cd74a98e16bf,,,,,,,,,,,Fail,First year grade,3.0,5.0,4.0,2.0,3.0,4.0,3.0,2.0,Pass,Number of absences,4.0,4.0,4.0,2.0,4.0,3.0,3.0,4.0,,,,,,,,,,,5,Not knowledgeable at all,No,No,No,No,No,61111e62a241cd74a98e16bf,education,2,1,2,1,bb,no_shap,lr,True,Pass,First year grade,Pass,First year grade,0,1,1,0,3.2,2.8,4.0,4.0
47,2021-08-24 06:55:57,2021-08-24 07:00:07,IP Address,66.75.247.67,100,250,True,2021-08-24 07:00:08,R_1OQ3bNlg8oBTeIX,,,,,32.8594970703125,-117.21240234375,anonymous,EN,1,F_3haPn8f07FhxiQP,signature.png,12987,image/png,5ff5f7ad932d56101bf7c90d,Pass,First year grade,4.0,3.0,2.0,4.0,4.0,4.0,4.0,4.0,,,,,,,,,,,,,,,,,,,,,Fail,First year grade,4.0,4.0,4.0,2.0,4.0,4.0,4.0,4.0,12,Not knowledgeable at all,No,No,No,No,No,5ff5f7ad932d56101bf7c90d,education,1,2,4,2,bb,shap,dt,True,Pass,First year grade,Fail,First year grade,1,1,1,1,3.6,4.0,4.0,3.0
48,2021-08-24 06:53:24,2021-08-24 07:04:15,IP Address,129.59.122.76,100,650,True,2021-08-24 07:04:16,R_2c6scrhXMaCCMce,,,,,36.18719482421875,-86.782501220703125,anonymous,EN,1,F_22QhYbZrayV3oA8,signature.png,11507,image/png,610daaff85f91115ca6322b5,Pass,Mother's education level,4.0,3.0,4.0,2.0,2.0,2.0,2.0,3.0,,,,,,,,,,,,,,,,,,,,,Pass,First year grade,4.0,2.0,2.0,4.0,1.0,3.0,4.0,5.0,21,Moderately knowledgeable,No,No,No,No,No,610daaff85f91115ca6322b5,education,4,2,2,1,int,shap,dt,True,Pass,First year grade,Pass,First year grade,1,1,0,1,4.0,2.6,1.6666666666666667,3.0
49,2021-08-24 06:47:31,2021-08-24 07:06:09,IP Address,50.203.244.178,100,1117,True,2021-08-24 07:06:10,R_2AFkH1gfsSqfupb,,,,,33.914093017578125,-84.82740020751953125,anonymous,EN,0.89999997615814208984375,F_2eUyRsJzb4loMHw,signature.png,10244,image/png,610b4cc023a7aaa7f7374288,Pass,First year grade,5.0,1.0,2.0,5.0,4.0,2.0,5.0,5.0,,,,,,,,,,,,,,,,,,,,,Pass,First year grade,5.0,2.0,2.0,4.0,2.0,2.0,4.0,4.0,5,Not knowledgeable at all,No,No,No,No,No,610b4cc023a7aaa7f7374288,education,2,1,4,1,bb,shap,dt,True,Pass,First year grade,Pass,First year grade,1,1,1,1,3.8,4.4,2.0,2.3333333333333335
50,2021-08-24 06:57:26,2021-08-24 07:06:41,IP Address,73.61.244.163,100,554,True,2021-08-24 07:06:42,R_bOblDnsuQ2qQMsF,,,,,41.3148040771484375,-72.69940185546875,anonymous,EN,1,F_vNNWhRxNmghUTOF,signature.png,5953,image/png,60fdefe1ed12b66d6493a0b1,,,,,,,,,,,Pass,First year grade,2.0,5.0,5.0,2.0,4.0,2.0,1.0,4.0,Fail,First year grade,5.0,2.0,4.0,4.0,1.0,4.0,4.0,5.0,,,,,,,,,,,9,Slightly knowledgeable,Yes,No,No,No,No,60fdefe1ed12b66d6493a0b1,education,1,2,2,1,bb,no_shap,lr,True,Pass,First year grade,Fail,First year grade,1,1,1,1,4.4,2.2,2.3333333333333335,4.666666666666667
51,2021-08-24 07:03:01,2021-08-24 07:10:15,IP Address,96.235.189.243,100,433,True,2021-08-24 07:10:16,R_UavMRvReFcsGGDD,,,,,39.9241943359375,-75.0193023681640625,anonymous,EN,1,F_2PvRqkiNthD7aQY,signature.png,11346,image/png,60ff03bff7510240e42ea366,,,,,,,,,,,I don't know,First year grade,2.0,5.0,5.0,2.0,4.0,1.0,2.0,2.0,Pass,First year grade,4.0,4.0,4.0,3.0,4.0,3.0,4.0,4.0,,,,,,,,,,,2,Slightly knowledgeable,No,No,No,No,No,60ff03bff7510240e42ea366,education,2,4,4,1,bb,no_shap,lr,True,Pass,First year grade,Pass,First year grade,0,1,1,1,3.6,1.8,4.0,4.666666666666667
52,2021-08-24 06:58:44,2021-08-24 07:10:21,IP Address,73.60.117.75,100,696,True,2021-08-24 07:10:22,R_2YmnFqELptyYdCB,,,,,42.518096923828125,-70.8990020751953125,anonymous,EN,0.89999997615814208984375,F_SOGk0SuXk88SUCd,signature.png,9886,image/png,6116d3ba326d61382bc56a7c,Pass,First year grade,5.0,4.0,4.0,2.0,4.0,4.0,4.0,4.0,,,,,,,,,,,,,,,,,,,,,Fail,First year grade,5.0,4.0,3.0,2.0,2.0,3.0,4.0,4.0,2,Slightly knowledgeable,No,No,Yes,No,No,6116d3ba326d61382bc56a7c,education,3,2,4,1,int,shap,dt,True,Pass,First year grade,Fail,First year grade,1,1,1,1,3.6,3.8,3.0,4.0
53,2021-08-24 07:04:54,2021-08-24 07:14:12,IP Address,108.48.188.190,100,557,True,2021-08-24 07:14:13,R_1kOBGQAt5R1haeZ,,,,,39.1360931396484375,-77.28240203857421875,anonymous,EN,1,F_Dv1S1CBT94yu43T,signature.png,13343,image/png,6104b1c50f6057c1d8a6e3a6,Pass,Quality of family relationships,4.0,3.0,2.0,4.0,4.0,5.0,4.0,4.0,,,,,,,,,,,Pass,First year grade,4.0,2.0,2.0,4.0,1.0,5.0,5.0,4.0,,,,,,,,,,,2,Not knowledgeable at all,No,No,No,No,No,6104b1c50f6057c1d8a6e3a6,education,2,3,4,2,int,no_shap,dt,True,Pass,First year grade,Pass,First year grade,1,1,0,1,4.4,4.2,1.6666666666666667,3.0
54,2021-08-24 07:04:09,2021-08-24 07:15:52,IP Address,184.56.109.254,100,703,True,2021-08-24 07:15:54,R_2pVpF2S2gcgLq6G,,,,,42.10870361328125,-79.95349884033203125,anonymous,EN,1,F_2TTtirI2J937YaT,signature.png,10780,image/png,6101fc6ff8a73b1e0e3aee6e,,,,,,,,,,,Fail,First year grade,5.0,4.0,4.0,2.0,4.0,2.0,4.0,4.0,,,,,,,,,,,Pass,First year grade,5.0,2.0,2.0,4.0,4.0,2.0,4.0,5.0,5,Slightly knowledgeable,No,No,No,No,No,6101fc6ff8a73b1e0e3aee6e,education,2,4,3,4,bb,shap,lr,True,Fail,First year grade,Pass,First year grade,1,1,1,1,4.0,3.4,2.6666666666666665,4.0
55,2021-08-24 07:04:18,2021-08-24 07:16:00,IP Address,172.58.17.94,100,702,True,2021-08-24 07:16:01,R_1CxXGQw9ejHUGcE,,,,,33.95550537109375,-118.2863006591796875,anonymous,EN,0.89999997615814208984375,F_1opvm018Xt76PXb,signature.png,8308,image/png,60f0c5cf582edfdc93cc6ee6,Fail,First year grade,5.0,2.0,2.0,4.0,4.0,4.0,5.0,5.0,,,,,,,,,,,,,,,,,,,,,Fail,First year grade,5.0,4.0,3.0,4.0,3.0,3.0,5.0,5.0,15,Moderately knowledgeable,Yes,No,No,No,No,60f0c5cf582edfdc93cc6ee6,education,3,1,3,2,bb,shap,dt,True,Fail,First year grade,Fail,First year grade,1,1,1,1,4.4,4.6,3.3333333333333335,2.6666666666666665
56,2021-08-24 07:15:17,2021-08-24 07:21:59,IP Address,73.135.114.145,100,401,True,2021-08-24 07:22:00,R_2uPOz39ESJgj2nI,,,,,38.352294921875,-75.53859710693359375,anonymous,EN,1,F_1eJEHldBVsJw8ji,signature.png,9736,image/png,5ea9d795dec14d13eb7af3d9,Fail,First year grade,5.0,2.0,2.0,4.0,4.0,4.0,5.0,5.0,,,,,,,,,,,Pass,First year grade,5.0,1.0,1.0,5.0,1.0,5.0,5.0,5.0,,,,,,,,,,,15,Moderately knowledgeable,Yes,No,Yes,No,No,5ea9d795dec14d13eb7af3d9,education,4,3,1,2,bb,no_shap,dt,True,Fail,First year grade,Pass,First year grade,1,1,1,1,5.0,4.6,1.0,2.6666666666666665
57,2021-08-24 07:18:40,2021-08-24 07:23:56,IP Address,73.73.109.231,100,316,True,2021-08-24 07:23:57,R_3oFqDTUOU1TksF0,,,,,41.768798828125,-88.1425018310546875,anonymous,EN,1,F_3exCslPC1cQz0rM,signature.png,12940,image/png,60c8aa03407799c6046d5b27,Fail,First year grade,4.0,3.0,2.0,4.0,3.0,4.0,4.0,4.0,,,,,,,,,,,,,,,,,,,,,Pass,First year grade,4.0,4.0,4.0,2.0,4.0,3.0,2.0,2.0,10,Not knowledgeable at all,No,No,No,No,No,60c8aa03407799c6046d5b27,education,2,4,1,2,int,shap,dt,True,Fail,First year grade,Pass,First year grade,1,1,1,1,2.6,4.0,4.0,2.6666666666666665
58,2021-08-24 07:22:19,2021-08-24 07:31:37,IP Address,174.55.89.139,100,557,True,2021-08-24 07:31:37,R_3HulE8rfKyVoGzy,,,,,39.7458953857421875,-76.6858978271484375,anonymous,EN,1,F_2COEG6A6NrvShE2,signature.png,11880,image/png,589a46af57995d0001a8a03a,Pass,First year grade,5.0,5.0,5.0,1.0,5.0,4.0,4.0,4.0,,,,,,,,,,,,,,,,,,,,,Fail,First year grade,5.0,2.0,2.0,4.0,2.0,2.0,4.0,4.0,15,Not knowledgeable at all,No,No,No,No,No,589a46af57995d0001a8a03a,education,1,4,4,2,bb,shap,dt,True,Pass,First year grade,Fail,First year grade,1,1,1,1,3.8,3.6,2.0,5.0
59,2021-08-24 07:24:25,2021-08-24 07:34:28,IP Address,76.249.141.192,100,602,True,2021-08-24 07:34:29,R_Q4FZKiE20fPtszv,,,,,32.7637939453125,-117.06999969482421875,anonymous,EN,1,F_3GjJxp86E44Mid5,signature.png,16191,image/png,6106fbbcd52909fe5cc2fc8e,Pass,First year grade,4.0,2.0,2.0,4.0,3.0,4.0,4.0,5.0,,,,,,,,,,,Pass,First year grade,5.0,1.0,1.0,5.0,1.0,5.0,5.0,5.0,,,,,,,,,,,1,Not knowledgeable at all,No,No,No,No,No,6106fbbcd52909fe5cc2fc8e,education,2,4,4,2,int,no_shap,dt,True,Pass,First year grade,Pass,First year grade,1,1,1,1,5.0,4.2,1.0,2.3333333333333335
60,2021-08-24 07:31:47,2021-08-24 07:37:00,IP Address,69.14.153.154,100,313,True,2021-08-24 07:37:01,R_URf4NeOzv7ithDz,,,,,42.6002044677734375,-83.00330352783203125,anonymous,EN,1,F_eYjqkCCdmccC2hX,signature.png,13940,image/png,5f3678f5997c28018ad180d5,,,,,,,,,,,Fail,First year grade,2.0,4.0,4.0,3.0,3.0,3.0,3.0,3.0,Fail,First year grade,4.0,3.0,3.0,4.0,2.0,4.0,4.0,4.0,,,,,,,,,,,5,Slightly knowledgeable,No,No,No,No,No,5f3678f5997c28018ad180d5,education,3,4,2,4,bb,no_shap,lr,True,Pass,First year grade,Fail,First year grade,0,1,1,1,4.0,2.8,2.6666666666666665,3.6666666666666665
61,2021-08-24 07:33:20,2021-08-24 07:44:16,IP Address,107.126.84.233,100,655,True,2021-08-24 07:44:17,R_2zO99TXp6NCCzwS,,,,,37.985107421875,-84.17240142822265625,anonymous,EN,1,F_D5D1RqApEuHKXiF,signature.png,18510,image/png,61099e438a2f56f2770b7cd2,Fail,First year grade,4.0,2.0,2.0,4.0,2.0,4.0,4.0,4.0,,,,,,,,,,,,,,,,,,,,,Pass,First year grade,4.0,4.0,4.0,2.0,4.0,4.0,4.0,2.0,1,Slightly knowledgeable,No,No,No,No,No,61099e438a2f56f2770b7cd2,education,4,3,3,4,int,shap,dt,True,Fail,First year grade,Pass,First year grade,1,1,1,1,3.2,4.0,4.0,2.0
62,2021-08-24 07:36:33,2021-08-24 07:49:37,IP Address,140.254.77.252,100,783,True,2021-08-24 07:49:38,R_22CRD3pxhSK8V7X,,,,,40.004302978515625,-83.0177001953125,anonymous,EN,0.89999997615814208984375,F_30q8Y2Mly2R0N28,signature.png,12430,image/png,60fe1f59fde1156e1cb4ebac,Fail,Quality of family relationships,4.0,2.0,2.0,4.0,2.0,4.0,4.0,4.0,,,,,,,,,,,,,,,,,,,,,Fail,First year grade,3.0,4.0,4.0,3.0,2.0,4.0,4.0,4.0,2,Not knowledgeable at all,No,No,No,No,No,60fe1f59fde1156e1cb4ebac,education,3,1,1,2,bb,shap,dt,True,Fail,First year grade,Fail,First year grade,1,1,0,1,3.6,4.0,3.3333333333333335,2.0
63,2021-08-24 07:46:26,2021-08-24 07:51:46,IP Address,24.0.127.21,100,320,True,2021-08-24 07:51:47,R_2pW9ty5LXMgqq2S,,,,,39.9241943359375,-75.0193023681640625,anonymous,EN,1,F_1Nm10PdTGrTvXZX,signature.png,8081,image/png,61092cb7df4d2fc337a9da17,Fail,First year grade,5.0,2.0,2.0,4.0,2.0,4.0,5.0,5.0,,,,,,,,,,,Fail,First year grade,5.0,2.0,2.0,4.0,1.0,4.0,5.0,5.0,,,,,,,,,,,17,Moderately knowledgeable,Yes,No,Yes,No,No,61092cb7df4d2fc337a9da17,education,1,2,2,1,int,no_shap,dt,True,Pass,First year grade,Fail,First year grade,0,1,1,1,4.6,4.6,1.6666666666666667,2.0
64,2021-08-24 07:44:42,2021-08-24 07:52:37,IP Address,71.187.56.123,100,474,True,2021-08-24 07:52:37,R_1Nqy2WHnQaSnpve,,,,,40.6128997802734375,-74.4160003662109375,anonymous,EN,1,F_4GB5NSmuHgRK3It,signature.png,8660,image/png,611d0a43b1af85d84397cef4,,,,,,,,,,,Fail,First year grade,5.0,5.0,5.0,1.0,2.0,2.0,4.0,4.0,,,,,,,,,,,Pass,First year grade,5.0,4.0,4.0,2.0,4.0,5.0,5.0,5.0,2,Slightly knowledgeable,No,No,No,No,No,611d0a43b1af85d84397cef4,education,1,4,4,1,bb,shap,lr,True,Pass,First year grade,Fail,First year grade,0,0,1,1,4.4,3.2,4.0,4.0
65,2021-08-24 07:47:18,2021-08-24 07:54:00,IP Address,68.39.67.128,100,402,True,2021-08-24 07:54:01,R_DSGJsYqZdbXIGS5,,,,,39.84869384765625,-86.37819671630859375,anonymous,EN,1,F_22WWZsH8Kuj3hpl,signature.png,18450,image/png,610ee7e00cc2cae08268f205,Pass,First year grade,5.0,4.0,4.0,3.0,3.0,3.0,4.0,3.0,,,,,,,,,,,,,,,,,,,,,Fail,First year grade,4.0,5.0,5.0,3.0,3.0,3.0,2.0,3.0,4,Not knowledgeable at all,No,No,No,No,No,610ee7e00cc2cae08268f205,education,3,4,4,3,int,shap,dt,True,Pass,First year grade,Fail,First year grade,1,1,1,1,3.0,3.6,4.333333333333333,3.6666666666666665
66,2021-08-24 07:49:41,2021-08-24 07:56:50,IP Address,98.10.169.216,100,429,True,2021-08-24 07:56:51,R_XFF9MbFBveZZjrP,,,,,42.9967041015625,-78.1968994140625,anonymous,EN,1,F_BMrestA3qY0vH9f,signature.png,8747,image/png,60fe28ee2bd685120c459dee,,,,,,,,,,,I don't know,First year grade,2.0,4.0,4.0,2.0,4.0,2.0,2.0,2.0,,,,,,,,,,,Pass,First year grade,4.0,5.0,4.0,2.0,4.0,4.0,2.0,2.0,3,Not knowledgeable at all,No,No,Yes,No,No,60fe28ee2bd685120c459dee,education,1,3,2,3,bb,shap,lr,True,Pass,First year grade,Fail,First year grade,0,0,1,1,2.8,2.0,4.333333333333333,4.0
67,2021-08-24 07:49:27,2021-08-24 07:57:55,IP Address,172.58.99.154,100,507,True,2021-08-24 07:57:56,R_2trmKBYZxHwJXv3,,,,,29.9640960693359375,-95.49680328369140625,anonymous,EN,0.89999997615814208984375,F_277nbdFtk1jy6GF,signature.png,12076,image/png,60c8a64af15aea59cfb1efb0,,,,,,,,,,,Fail,First year grade,5.0,2.0,2.0,4.0,1.0,4.0,4.0,5.0,,,,,,,,,,,Pass,First year grade,2.0,4.0,4.0,4.0,2.0,4.0,4.0,5.0,7,Slightly knowledgeable,No,No,Yes,No,No,60c8a64af15aea59cfb1efb0,education,2,1,3,4,bb,shap,lr,True,Fail,First year grade,Pass,First year grade,1,1,1,1,3.8,4.4,3.3333333333333335,1.6666666666666667
68,2021-08-24 07:46:44,2021-08-24 07:57:57,IP Address,96.242.240.92,100,673,True,2021-08-24 07:57:58,R_2VapADNi966jagg,,,,,40.8520050048828125,-74.28420257568359375,anonymous,EN,1,F_DAwzISR2MlBrTEd,signature.png,5472,image/png,60fd5a1b32fececd5202d136,,,,,,,,,,,I don't know,First year grade,2.0,4.0,4.0,2.0,4.0,2.0,2.0,2.0,,,,,,,,,,,Fail,First year grade,5.0,1.0,1.0,5.0,1.0,5.0,5.0,5.0,8,Moderately knowledgeable,Yes,No,Yes,No,No,60fd5a1b32fececd5202d136,education,3,4,1,3,bb,shap,lr,True,Fail,First year grade,Fail,First year grade,0,1,1,1,5.0,2.0,1.0,4.0
69,2021-08-24 07:49:40,2021-08-24 07:58:10,IP Address,76.188.195.216,100,509,True,2021-08-24 07:58:11,R_3MhdZo8XtArnbvE,,,,,41.3271026611328125,-81.45130157470703125,anonymous,EN,1,F_2Ce9BeTHw7Xl8oY,signature.png,19341,image/png,60fe2a53ece9102510fd8b0a,Pass,First year grade,4.0,4.0,4.0,2.0,3.0,5.0,4.0,4.0,,,,,,,,,,,Fail,First year grade,4.0,3.0,3.0,4.0,2.0,4.0,3.0,4.0,,,,,,,,,,,5,Slightly knowledgeable,No,No,Yes,No,No,60fe2a53ece9102510fd8b0a,education,3,4,4,1,int,no_shap,dt,True,Pass,First year grade,Fail,First year grade,1,1,1,1,3.8,3.8,2.6666666666666665,3.6666666666666665
70,2021-08-24 07:51:36,2021-08-24 07:58:14,IP Address,72.90.66.128,100,398,True,2021-08-24 07:58:15,R_2BkQ4BFpsNpUaVy,,,,,43.1493072509765625,-76.22209930419921875,anonymous,EN,1,F_r9cosMGHUJj8MAF,signature.png,11622,image/png,5e7c021e2b00612482e357fc,Pass,First year grade,5.0,2.0,2.0,4.0,5.0,5.0,5.0,5.0,,,,,,,,,,,Pass,First year grade,5.0,2.0,2.0,5.0,4.0,4.0,5.0,5.0,,,,,,,,,,,21,Moderately knowledgeable,No,No,No,No,No,5e7c021e2b00612482e357fc,education,4,1,4,3,bb,no_shap,dt,True,Pass,First year grade,Pass,First year grade,1,1,1,1,4.8,4.8,2.6666666666666665,3.0
71,2021-08-24 07:57:37,2021-08-24 08:02:17,IP Address,68.173.78.57,100,279,True,2021-08-24 08:02:18,R_2Bfe9ZEg039dj8a,,,,,40.781005859375,-73.950103759765625,anonymous,EN,1,F_VLmT5fUv5D8xjQR,signature.png,8610,image/png,5e79352ea4d7d30d65532c51,Fail,First year grade,4.0,4.0,4.0,2.0,4.0,3.0,4.0,4.0,,,,,,,,,,,Pass,First year grade,4.0,4.0,4.0,2.0,4.0,3.0,1.0,1.0,,,,,,,,,,,7,Knowledgeable,No,No,No,No,No,5e79352ea4d7d30d65532c51,education,2,3,3,4,int,no_shap,dt,True,Fail,First year grade,Pass,First year grade,1,1,1,1,2.2,3.4,4.0,4.0
72,2021-08-24 08:02:21,2021-08-24 08:06:57,IP Address,66.223.177.241,100,276,True,2021-08-24 08:06:59,R_1C1hCWVZBFIQQo0,,,,,64.854400634765625,-147.846893310546875,anonymous,EN,1,F_2eRUK3LQR6T0f2b,signature.png,6077,image/png,60df2a387184bf25da3ae6a2,Pass,First year grade,3.0,4.0,4.0,2.0,3.0,3.0,2.0,3.0,,,,,,,,,,,Pass,First year grade,3.0,3.0,3.0,3.0,3.0,4.0,4.0,4.0,,,,,,,,,,,10,Slightly knowledgeable,No,No,No,No,No,60df2a387184bf25da3ae6a2,education,1,4,1,2,bb,no_shap,dt,True,Fail,First year grade,Fail,First year grade,0,0,1,1,3.6,2.6,3.0,3.6666666666666665
73,2021-08-24 07:58:55,2021-08-24 08:07:49,IP Address,76.251.106.97,100,533,True,2021-08-24 08:07:50,R_sLG5IWdkoLGYUI9,,,,,34.139404296875,-118.26599884033203125,anonymous,EN,1,F_1oIjN45ivpcQAF1,signature.png,8848,image/png,60fdc7fa219080441691dc54,Pass,First year grade,5.0,2.0,2.0,4.0,3.0,4.0,4.0,4.0,,,,,,,,,,,,,,,,,,,,,Pass,First year grade,4.0,2.0,2.0,4.0,4.0,4.0,2.0,4.0,4,Knowledgeable,Yes,Yes,No,No,No,60fdc7fa219080441691dc54,education,2,1,1,2,int,shap,dt,True,Fail,First year grade,Pass,First year grade,0,1,1,1,3.6,4.2,2.6666666666666665,2.3333333333333335
74,2021-08-24 08:01:44,2021-08-24 08:09:42,IP Address,47.201.160.100,100,477,True,2021-08-24 08:09:43,R_2Vws0CACaumxcWB,,,,,27.796295166015625,-82.63249969482421875,anonymous,EN,1,F_3PcuVMiLGvrsrob,signature.png,13345,image/png,5dcc948ed9873592337ae827,Pass,First year grade,4.0,5.0,4.0,2.0,4.0,4.0,4.0,4.0,,,,,,,,,,,,,,,,,,,,,Fail,First year grade,2.0,5.0,5.0,1.0,5.0,3.0,2.0,4.0,15,Moderately knowledgeable,Yes,Yes,Yes,Yes,No,5dcc948ed9873592337ae827,education,1,4,4,3,int,shap,dt,True,Pass,First year grade,Fail,First year grade,1,1,1,1,2.4,3.6,5.0,4.333333333333333
75,2021-08-24 08:05:28,2021-08-24 08:11:40,IP Address,72.45.43.185,100,371,True,2021-08-24 08:11:41,R_2X1LEzkRNpqFmrY,,,,,40.3052978515625,-78.95400238037109375,anonymous,EN,1,F_3KMy7R4RNTR3hAz,signature.png,17413,image/png,6107475747d6c3b6eb05669e,,First year grade,5.0,4.0,3.0,3.0,3.0,4.0,4.0,4.0,,,,,,,,,,,,,,,,,,,,,Pass,First year grade,4.0,4.0,3.0,4.0,3.0,3.0,4.0,4.0,0,Moderately knowledgeable,No,No,No,No,No,6107475747d6c3b6eb05669e,education,4,2,2,4,int,shap,dt,True,Pass,First year grade,Pass,First year grade,0,1,1,1,3.8,4.0,3.3333333333333335,3.3333333333333335
76,2021-08-24 07:57:49,2021-08-24 08:12:05,IP Address,76.104.254.141,100,855,True,2021-08-24 08:12:06,R_3nGF3lzCXveaNS8,,,,,47.1291046142578125,-122.40940093994140625,anonymous,EN,1,F_2AGC0URdKUxQsT5,signature.png,10556,image/png,610833cc23f080f337802603,,,,,,,,,,,I don't know,First year grade,2.0,4.0,4.0,2.0,4.0,3.0,3.0,2.0,,,,,,,,,,,Pass,First year grade,5.0,2.0,2.0,5.0,3.0,3.0,4.0,4.0,5,Not knowledgeable at all,Yes,Yes,Yes,Yes,No,610833cc23f080f337802603,education,2,1,2,3,int,shap,lr,True,Pass,First year grade,Pass,First year grade,0,1,1,1,4.2,2.4,2.3333333333333335,4.0
77,2021-08-24 08:05:26,2021-08-24 08:14:11,IP Address,98.216.65.30,100,524,True,2021-08-24 08:14:12,R_2rPayGyxILC7oZE,,,,,42.4178009033203125,-71.1134033203125,anonymous,EN,1,F_1FlBbgNWn8tYRnF,signature.png,12076,image/png,6106ca63b09d07f76c98369d,,,,,,,,,,,Pass,First year grade,4.0,4.0,4.0,2.0,4.0,3.0,2.0,4.0,,,,,,,,,,,Pass,First year grade,4.0,2.0,2.0,4.0,2.0,4.0,4.0,4.0,4,Moderately knowledgeable,Yes,No,No,No,No,6106ca63b09d07f76c98369d,education,4,3,3,4,int,shap,lr,True,Fail,First year grade,Pass,First year grade,0,1,1,1,4.0,3.0,2.0,4.0
78,2021-08-24 08:10:31,2021-08-24 08:15:35,IP Address,199.217.32.2,100,303,True,2021-08-24 08:15:36,R_1OT9FswvnSucpOi,,,,,38.9488067626953125,-104.7677001953125,anonymous,EN,0.89999997615814208984375,F_2ypBxuTbF1kbcgz,signature.png,5458,image/png,600340c28bbd673ed1d69e56,Fail,First year grade,4.0,4.0,3.0,4.0,2.0,4.0,4.0,4.0,,,,,,,,,,,,,,,,,,,,,Pass,First year grade,3.0,4.0,4.0,2.0,4.0,2.0,3.0,4.0,10,Knowledgeable,Yes,Yes,Yes,Yes,No,600340c28bbd673ed1d69e56,education,1,2,3,2,bb,shap,dt,True,Fail,First year grade,Fail,First year grade,1,0,1,1,2.8,4.0,4.0,3.0
79,2021-08-24 08:10:28,2021-08-24 08:17:44,IP Address,174.210.228.74,100,436,True,2021-08-24 08:17:45,R_RRj8UjaugNaflNT,,,,,42.553802490234375,-82.9185028076171875,anonymous,EN,1,F_3ELvD5F7UID4LQM,signature.png,14404,image/png,6109ee41c9e94ead82b194b4,,,,,,,,,,,Pass,First year grade,4.0,2.0,2.0,4.0,2.0,4.0,4.0,4.0,,,,,,,,,,,Fail,First year grade,4.0,2.0,2.0,4.0,2.0,4.0,4.0,4.0,11,Slightly knowledgeable,Yes,No,No,No,No,6109ee41c9e94ead82b194b4,education,1,2,2,3,int,shap,lr,True,Pass,First year grade,Fail,First year grade,1,1,1,1,4.0,4.0,2.0,2.0
80,2021-08-24 08:11:51,2021-08-24 08:20:42,IP Address,67.253.153.210,100,530,True,2021-08-24 08:20:44,R_3Ph3uDflKPvvuBN,,,,,42.9709014892578125,-77.58209991455078125,anonymous,EN,0.800000011920928955078125,F_bJVfci1UqaQskal,signature.png,6447,image/png,60fd5a99c4e4ead0c9a6fff4,,,,,,,,,,,Pass,First year grade,4.0,4.0,4.0,3.0,4.0,3.0,3.0,4.0,Pass,First year grade,4.0,4.0,4.0,3.0,4.0,3.0,3.0,4.0,,,,,,,,,,,6,Slightly knowledgeable,Yes,No,No,Yes,No,60fd5a99c4e4ead0c9a6fff4,education,2,4,1,4,bb,no_shap,lr,True,Fail,First year grade,Pass,First year grade,0,1,1,1,3.4,3.4,4.0,4.0
81,2021-08-24 08:16:49,2021-08-24 08:26:49,IP Address,24.159.244.81,100,599,True,2021-08-24 08:26:50,R_1cRMTKCAZdVUPxu,,,,,42.83740234375,-89.06800079345703125,anonymous,EN,1,F_21yAXyHXpDb2hJy,signature.png,12617,image/png,6100d3c90fba46491b9f3cb0,,,,,,,,,,,Fail,First year grade,4.0,4.0,4.0,3.0,2.0,4.0,4.0,5.0,,,,,,,,,,,Pass,First year grade,5.0,2.0,2.0,4.0,4.0,5.0,4.0,5.0,3,Not knowledgeable at all,Yes,Yes,No,No,No,6100d3c90fba46491b9f3cb0,education,1,4,2,1,int,shap,lr,True,Pass,First year grade,Fail,First year grade,0,0,1,1,4.6,4.0,2.6666666666666665,3.3333333333333335
82,2021-08-24 08:17:38,2021-08-24 08:27:25,IP Address,97.120.192.94,100,586,True,2021-08-24 08:27:25,R_DHKz7jPw27yNS1z,,,,,45.4803924560546875,-122.5890960693359375,anonymous,EN,1,F_1QgCqw5biAnInpb,signature.png,13143,image/png,60fce0e0cbee28d9325d3124,,,,,,,,,,,Pass,First year grade,5.0,2.0,2.0,4.0,2.0,4.0,4.0,5.0,,,,,,,,,,,Pass,First year grade,4.0,4.0,4.0,3.0,3.0,3.0,4.0,4.0,15,Not knowledgeable at all,Yes,Yes,Yes,,No,60fce0e0cbee28d9325d3124,education,1,3,4,3,int,shap,lr,True,Pass,First year grade,Fail,First year grade,1,0,1,1,3.6,4.4,3.6666666666666665,2.0
83,2021-08-24 08:21:24,2021-08-24 08:29:41,IP Address,152.26.35.116,100,496,True,2021-08-24 08:29:42,R_1DppF50zYgheDh2,,,,,35.68170166015625,-80.56150054931640625,anonymous,EN,,F_3huUbDFax8fvOmJ,signature.png,7293,image/png,61008174621af4fde89d5c7f,,,,,,,,,,,Pass,First year grade,4.0,4.0,2.0,4.0,4.0,4.0,4.0,4.0,Pass,First year grade,4.0,4.0,2.0,4.0,4.0,4.0,4.0,4.0,,,,,,,,,,,28,Moderately knowledgeable,Yes,No,Yes,No,No,61008174621af4fde89d5c7f,education,2,1,2,4,int,no_shap,lr,True,Pass,First year grade,Pass,First year grade,1,1,1,1,4.0,4.0,3.3333333333333335,3.3333333333333335
84,2021-08-24 08:36:43,2021-08-24 08:43:09,IP Address,71.235.159.251,100,386,True,2021-08-24 08:43:10,R_333BDGp6RE36nX7,,,,,41.868896484375,-73.45600128173828125,anonymous,EN,1,F_1ODCHkLRN4wvWf2,signature.png,9738,image/png,61129e81c06118bfd90996ec,,,,,,,,,,,Pass,First year grade,3.0,5.0,4.0,3.0,2.0,2.0,2.0,3.0,,,,,,,,,,,Fail,First year grade,4.0,4.0,4.0,3.0,4.0,3.0,4.0,4.0,3,Not knowledgeable at all,No,No,No,No,No,61129e81c06118bfd90996ec,education,3,1,2,4,bb,shap,lr,True,Pass,First year grade,Fail,First year grade,1,1,1,1,3.6,2.6,4.0,3.6666666666666665
85,2021-08-24 08:40:42,2021-08-24 08:45:58,IP Address,68.46.28.117,100,316,True,2021-08-24 08:45:59,R_Ww9NtuLpq58rbC9,,,,,44.935394287109375,-93.169403076171875,anonymous,EN,1,F_2zqI7W7a4JnEBVj,signature.png,12225,image/png,61083a43902f8b90914b17bb,Fail,First year grade,5.0,4.0,4.0,2.0,4.0,4.0,4.0,4.0,,,,,,,,,,,Fail,First year grade,5.0,2.0,1.0,5.0,2.0,4.0,5.0,5.0,,,,,,,,,,,6,Moderately knowledgeable,Yes,No,Yes,No,No,61083a43902f8b90914b17bb,education,1,3,3,1,bb,no_shap,dt,True,Fail,First year grade,Fail,First year grade,1,1,1,1,4.8,3.8,1.6666666666666667,4.0
86,2021-08-24 08:42:38,2021-08-24 08:51:13,IP Address,24.162.161.233,100,514,True,2021-08-24 08:51:14,R_3dRJnZuAXo4c1zW,,,,,25.9243927001953125,-97.4626007080078125,anonymous,EN,1,F_3fQ4zw7YKqzX1fX,signature.png,13940,image/png,5c7336a216dc79000146929b,,,,,,,,,,,Pass,First year grade,4.0,4.0,4.0,2.0,4.0,2.0,2.0,2.0,,,,,,,,,,,Pass,First year grade,4.0,5.0,5.0,1.0,5.0,2.0,2.0,1.0,4,Not knowledgeable at all,No,No,No,No,No,5c7336a216dc79000146929b,education,1,3,2,1,int,shap,lr,True,Pass,First year grade,Fail,First year grade,1,0,1,1,2.0,2.4,5.0,4.0
87,2021-08-24 08:43:10,2021-08-24 08:51:15,IP Address,12.90.231.66,100,484,True,2021-08-24 08:51:16,R_vkTg1PfpflEK1Mt,,,,,33.14520263671875,-97.0699005126953125,anonymous,EN,0.89999997615814208984375,F_2SxAFXOuPyPgd6t,signature.png,14274,image/png,611e9a245aa10e0fd14f24be,,,,,,,,,,,Fail,First year grade,4.0,4.0,4.0,3.0,4.0,4.0,4.0,4.0,Pass,First year grade,4.0,3.0,3.0,4.0,3.0,4.0,4.0,4.0,,,,,,,,,,,1,Moderately knowledgeable,Yes,No,No,Yes,No,611e9a245aa10e0fd14f24be,education,4,2,3,4,int,no_shap,lr,True,Fail,First year grade,Pass,First year grade,1,1,1,1,4.0,3.8,3.0,4.0
88,2021-08-24 08:44:22,2021-08-24 08:52:26,IP Address,98.29.37.175,100,484,True,2021-08-24 08:52:27,R_2VkJwJFEZhQEDR0,,,,,39.5626983642578125,-84.2223968505859375,anonymous,EN,1,F_2lRKE6L9WGzIsH7,signature.png,6677,image/png,60c5f64b3600e20785ab48e1,,,,,,,,,,,Fail,First year grade,4.0,4.0,4.0,3.0,3.0,4.0,3.0,4.0,Pass,Number of absences,4.0,4.0,4.0,3.0,3.0,4.0,3.0,3.0,,,,,,,,,,,5,Moderately knowledgeable,No,No,Yes,Yes,No,60c5f64b3600e20785ab48e1,education,4,1,3,1,bb,no_shap,lr,True,Fail,First year grade,Pass,First year grade,1,1,1,0,3.4,3.6,3.6666666666666665,3.6666666666666665
89,2021-08-24 08:50:23,2021-08-24 08:55:21,IP Address,24.72.208.86,100,297,True,2021-08-24 08:55:22,R_3Gv7vekg0yGUsKZ,,,,,41.122100830078125,-98.001800537109375,anonymous,EN,1,F_bQw4GJDVqlqIMp3,signature.png,5513,image/png,5c92590a1f991d00161a6fa3,Pass,First year grade,5.0,2.0,2.0,4.0,5.0,4.0,4.0,4.0,,,,,,,,,,,,,,,,,,,,,Fail,First year grade,5.0,4.0,4.0,2.0,5.0,4.0,4.0,4.0,14,Slightly knowledgeable,No,No,No,No,No,5c92590a1f991d00161a6fa3,education,3,2,4,3,int,shap,dt,True,Pass,First year grade,Fail,First year grade,1,1,1,1,3.8,4.2,4.333333333333333,3.0
90,2021-08-24 08:52:29,2021-08-24 08:57:39,IP Address,24.194.225.44,100,310,True,2021-08-24 08:57:40,R_1eK81GwPr6rNKRP,,,,,43.0592041015625,-73.73560333251953125,anonymous,EN,0.89999997615814208984375,F_2tAwkze0Ho7A3Mg,signature.png,7174,image/png,61028ca81c75bd8c35ef8b54,,,,,,,,,,,Pass,First year grade,4.0,4.0,4.0,3.0,2.0,4.0,4.0,4.0,,,,,,,,,,,Pass,First year grade,4.0,4.0,4.0,3.0,2.0,4.0,4.0,4.0,7,Slightly knowledgeable,No,No,Yes,No,No,61028ca81c75bd8c35ef8b54,education,2,1,2,3,int,shap,lr,True,Pass,First year grade,Pass,First year grade,1,1,1,1,3.8,3.8,3.3333333333333335,3.3333333333333335
91,2021-08-24 08:52:07,2021-08-24 08:58:08,IP Address,107.77.209.113,100,361,True,2021-08-24 08:58:09,R_1lgV3SlfnfOtqhp,,,,,41.9409027099609375,-87.6531982421875,anonymous,EN,0.89999997615814208984375,F_31oyithMCMYWePR,signature.png,10352,image/png,60fd65e6212b4fe59b491665,Fail,First year grade,4.0,3.0,2.0,4.0,4.0,4.0,4.0,5.0,,,,,,,,,,,,,,,,,,,,,Pass,First year grade,5.0,3.0,2.0,4.0,2.0,2.0,4.0,5.0,0,Moderately knowledgeable,No,No,No,No,No,60fd65e6212b4fe59b491665,education,2,4,1,4,int,shap,dt,True,Fail,First year grade,Pass,First year grade,1,1,1,1,4.0,4.2,2.3333333333333335,3.0
92,2021-08-24 08:59:29,2021-08-24 09:04:23,IP Address,76.113.148.196,100,293,True,2021-08-24 09:04:23,R_33Egwc26JPsqBY9,,,,,45.1183929443359375,-93.346099853515625,anonymous,EN,0.89999997615814208984375,F_UaquyMp7EH5pZsd,signature.png,9626,image/png,60fcccc2bb686a7fbb27f46d,,,,,,,,,,,Fail,First year grade,5.0,4.0,4.0,3.0,2.0,4.0,4.0,4.0,Fail,First year grade,5.0,2.0,2.0,4.0,2.0,4.0,5.0,4.0,,,,,,,,,,,6,Not knowledgeable at all,Yes,No,Yes,No,No,60fcccc2bb686a7fbb27f46d,education,1,2,3,1,bb,no_shap,lr,True,Fail,First year grade,Fail,First year grade,1,1,1,1,4.4,4.0,2.0,3.3333333333333335
93,2021-08-24 08:56:29,2021-08-24 09:04:43,IP Address,205.186.50.98,100,493,True,2021-08-24 09:04:44,R_3JK4qaFxA8tOym6,,,,,34.829498291015625,-82.58119964599609375,anonymous,EN,0.89999997615814208984375,F_1hFIxo93Y5430Jf,signature.png,8203,image/png,5f08f4df50389c17b32c2556,Fail,First year grade,5.0,2.0,2.0,4.0,2.0,4.0,5.0,5.0,,,,,,,,,,,Fail,First year grade,5.0,1.0,1.0,5.0,1.0,5.0,5.0,5.0,,,,,,,,,,,14,Moderately knowledgeable,No,No,Yes,No,No,5f08f4df50389c17b32c2556,education,1,4,3,1,int,no_shap,dt,True,Fail,First year grade,Fail,First year grade,1,1,1,1,5.0,4.6,1.0,2.0
94,2021-08-24 08:56:31,2021-08-24 09:07:24,IP Address,173.160.94.201,100,652,True,2021-08-24 09:07:25,R_1mjYEzR5PzxYjGa,,,,,33.934906005859375,-84.3921966552734375,anonymous,EN,1,F_2WGTmMgKLxIFGgI,signature.png,5905,image/png,5f8dc8e88567d612282c6d1d,Pass,First year grade,4.0,2.0,2.0,5.0,2.0,4.0,4.0,4.0,,,,,,,,,,,,,,,,,,,,,Pass,First year grade,4.0,5.0,4.0,1.0,4.0,3.0,2.0,4.0,3,Not knowledgeable at all,No,No,No,No,No,5f8dc8e88567d612282c6d1d,education,4,2,4,2,bb,shap,dt,True,Pass,First year grade,Pass,First year grade,1,1,1,1,2.8,4.2,4.333333333333333,2.0
95,2021-08-24 09:01:43,2021-08-24 09:11:48,IP Address,74.71.192.160,100,605,True,2021-08-24 09:11:49,R_2ZUIl4j8qBL6CEl,,,,,40.6374969482421875,-74.02159881591796875,anonymous,EN,0.89999997615814208984375,F_2VOdwaBquPRSglF,signature.png,11674,image/png,60ff0faac24eac1565191c33,,,,,,,,,,,I don't know,First year grade,4.0,4.0,5.0,2.0,4.0,3.0,4.0,4.0,,,,,,,,,,,Pass,First year grade,4.0,4.0,5.0,2.0,4.0,4.0,4.0,4.0,3,Not knowledgeable at all,No,No,No,No,No,60ff0faac24eac1565191c33,education,2,1,1,3,int,shap,lr,True,Fail,First year grade,Pass,First year grade,0,1,1,1,3.6,3.4,4.333333333333333,4.333333333333333
96,2021-08-24 09:07:25,2021-08-24 09:13:22,IP Address,204.113.154.182,100,357,True,2021-08-24 09:13:22,R_3NLns3hT5X9ItJY,,,,,40.5153045654296875,-112.0316009521484375,anonymous,EN,1,F_5w4iNBwTwaG8jqV,signature.png,12427,image/png,60fdd586c4b9e82d6558caa6,Pass,First year grade,4.0,4.0,4.0,3.0,2.0,4.0,4.0,3.0,,,,,,,,,,,,,,,,,,,,,Pass,First year grade,4.0,4.0,4.0,2.0,4.0,4.0,3.0,3.0,15,Not knowledgeable at all,No,No,Yes,No,No,60fdd586c4b9e82d6558caa6,education,1,2,2,3,bb,shap,dt,True,Pass,First year grade,Fail,First year grade,1,0,1,1,3.2,3.6,4.0,3.3333333333333335
97,2021-08-24 09:12:08,2021-08-24 09:19:29,IP Address,76.28.192.69,100,440,True,2021-08-24 09:19:30,R_2aEI7tmWT4Zq3VS,,,,,47.83880615234375,-122.1985015869140625,anonymous,EN,1,F_3CDudX9ZZFOcvVG,signature.png,9253,image/png,60ff101783b9d38e4e225561,Pass,First year grade,4.0,4.0,4.0,2.0,4.0,4.0,4.0,4.0,,,,,,,,,,,,,,,,,,,,,Pass,First year grade,4.0,5.0,5.0,1.0,4.0,3.0,2.0,2.0,4,Not knowledgeable at all,No,No,No,No,No,60ff101783b9d38e4e225561,education,2,3,4,1,int,shap,dt,True,Pass,First year grade,Pass,First year grade,1,1,1,1,2.4,3.6,4.666666666666667,4.0
98,2021-08-24 09:23:59,2021-08-24 09:29:42,IP Address,107.77.202.68,100,342,True,2021-08-24 09:29:42,R_3MSFZiSVbvJE8As,,,,,38.9033966064453125,-76.98819732666015625,anonymous,EN,0.89999997615814208984375,F_BG53eWoQexLpV4d,signature.png,8806,image/png,60fd6618f9a377f54dcdf318,,,,,,,,,,,Pass,First year grade,3.0,4.0,4.0,2.0,4.0,2.0,2.0,2.0,,,,,,,,,,,Pass,First year grade,4.0,4.0,4.0,3.0,4.0,3.0,2.0,2.0,5,Slightly knowledgeable,No,No,Yes,No,No,60fd6618f9a377f54dcdf318,education,2,4,4,3,bb,shap,lr,True,Pass,First year grade,Pass,First year grade,1,1,1,1,2.8,2.2,4.0,4.0
99,2021-08-24 09:33:18,2021-08-24 09:37:45,IP Address,68.46.26.208,100,266,True,2021-08-24 09:37:45,R_1Kjdxjy3ubTGRLV,,,,,44.8961944580078125,-93.10359954833984375,anonymous,EN,0.89999997615814208984375,F_3M57dcSi2u6E4Sq,signature.png,12895,image/png,60fd96e93965e6eb9e783c02,,,,,,,,,,,Pass,First year grade,4.0,5.0,4.0,2.0,3.0,4.0,4.0,5.0,Pass,Number of absences,3.0,5.0,5.0,2.0,3.0,4.0,3.0,4.0,,,,,,,,,,,2,Slightly knowledgeable,Yes,Yes,Yes,Yes,No,60fd96e93965e6eb9e783c02,education,4,1,4,1,int,no_shap,lr,True,Pass,First year grade,Pass,First year grade,1,1,1,0,3.2,3.8,4.333333333333333,4.0
100,2021-08-24 09:30:13,2021-08-24 09:37:59,IP Address,96.71.15.193,100,465,True,2021-08-24 09:38:01,R_2Xib1qaPAkGlDo5,,,,,27.318206787109375,-80.3524017333984375,anonymous,EN,0.89999997615814208984375,F_RePvr4OcX9ihxYJ,signature.png,11296,image/png,60fcd720aec8e3a2bdc414a9,I don't know,First year grade,4.0,5.0,5.0,2.0,3.0,2.0,2.0,3.0,,,,,,,,,,,Pass,First year grade,5.0,2.0,2.0,4.0,3.0,4.0,4.0,3.0,,,,,,,,,,,6,Moderately knowledgeable,Yes,No,Yes,No,No,60fcd720aec8e3a2bdc414a9,education,4,1,1,2,bb,no_shap,dt,True,Fail,First year grade,Pass,First year grade,0,1,1,1,4.0,2.6,2.3333333333333335,4.333333333333333
101,2021-08-24 09:42:21,2021-08-24 09:46:27,IP Address,73.161.92.14,100,246,True,2021-08-24 09:46:28,R_2V2AnzSdqugeUzC,,,,,42.331298828125,-83.46559906005859375,anonymous,EN,0.89999997615814208984375,F_2dXhbWVHGWZvIlj,signature.png,10659,image/png,6118509f8593275a2f8cd2ab,,,,,,,,,,,Pass,First year grade,4.0,2.0,2.0,4.0,2.0,4.0,4.0,4.0,Pass,First year grade,4.0,2.0,2.0,4.0,2.0,4.0,4.0,4.0,,,,,,,,,,,2,Slightly knowledgeable,Yes,No,No,Yes,No,6118509f8593275a2f8cd2ab,education,4,1,4,2,int,no_shap,lr,True,Pass,First year grade,Pass,First year grade,1,1,1,1,4.0,4.0,2.0,2.0
102,2021-08-24 09:42:09,2021-08-24 09:47:31,IP Address,108.26.38.123,100,322,True,2021-08-24 09:47:32,R_2fxPwtWJDe8OoTK,,,,,43.089996337890625,-75.76329803466796875,anonymous,EN,1,F_3JEIaFU36d0Zenm,signature.png,6559,image/png,60fd3d06efb9752b387bffae,Fail,First year grade,4.0,3.0,3.0,4.0,2.0,4.0,4.0,5.0,,,,,,,,,,,,,,,,,,,,,Pass,First year grade,4.0,2.0,2.0,4.0,2.0,4.0,4.0,4.0,27,Moderately knowledgeable,Yes,No,Yes,No,No,60fd3d06efb9752b387bffae,education,2,3,1,2,int,shap,dt,True,Fail,First year grade,Pass,First year grade,1,1,1,1,4.0,4.2,2.0,2.6666666666666665
103,2021-08-24 09:39:09,2021-08-24 09:47:40,IP Address,207.224.177.99,100,511,True,2021-08-24 09:47:41,R_1jcuqhbNugigf0h,,,,,33.24090576171875,-111.77919769287109375,anonymous,EN,1,F_1d03oWihLouY2BX,signature.png,16565,image/png,5b9811290f2cf000010f31fb,Pass,First year grade,4.0,5.0,4.0,2.0,,2.0,4.0,4.0,,,,,,,,,,,Pass,First year grade,4.0,3.0,3.0,4.0,2.0,3.0,4.0,4.0,,,,,,,,,,,22,Moderately knowledgeable,No,No,Yes,No,No,5b9811290f2cf000010f31fb,education,2,3,4,1,bb,no_shap,dt,True,Pass,First year grade,Pass,First year grade,1,1,1,1,3.8,3.2,2.6666666666666665,
104,2021-08-24 09:46:25,2021-08-24 09:52:21,IP Address,206.82.16.253,100,355,True,2021-08-24 09:52:22,R_31vMUslsdLFS8BY,,,,,40.07940673828125,-76.3141021728515625,anonymous,EN,1,F_1oBlRyZ4zZrIabm,signature.png,17972,image/png,6103c632b31f5ff3b4b3fff9,,,,,,,,,,,Pass,First year grade,4.0,4.0,2.0,4.0,2.0,4.0,4.0,5.0,,,,,,,,,,,Pass,First year grade,5.0,4.0,4.0,4.0,2.0,4.0,4.0,5.0,8,Slightly knowledgeable,No,No,No,No,No,6103c632b31f5ff3b4b3fff9,education,1,2,2,1,int,shap,lr,True,Pass,First year grade,Fail,First year grade,1,0,1,1,4.4,4.2,3.3333333333333335,2.6666666666666665
105,2021-08-24 09:48:09,2021-08-24 09:55:56,IP Address,216.15.25.30,100,466,True,2021-08-24 09:55:57,R_1Oq7s14JGSVvviA,,,,,38.920806884765625,-77.03600311279296875,anonymous,EN,1,F_2xRebALu2REwXZt,signature.png,16735,image/png,6100c81ecdea6296d15cc20b,Fail,First year grade,4.0,4.0,4.0,2.0,4.0,4.0,4.0,4.0,,,,,,,,,,,Pass,First year grade,4.0,2.0,2.0,4.0,2.0,3.0,4.0,4.0,,,,,,,,,,,2,Slightly knowledgeable,No,No,Yes,No,No,6100c81ecdea6296d15cc20b,education,2,4,3,1,int,no_shap,dt,True,Fail,First year grade,Pass,First year grade,1,1,1,1,3.8,3.6,2.0,4.0
106,2021-08-24 09:44:02,2021-08-24 09:56:32,IP Address,174.56.169.134,100,750,True,2021-08-24 09:56:33,R_2y3nIQqspUQldp4,,,,,32.0175933837890625,-80.99250030517578125,anonymous,EN,1,F_2QnhHdQppHdKO7T,signature.png,10692,image/png,61001400237f51c3662bd5b4,Fail,First year grade,5.0,4.0,4.0,3.0,2.0,2.0,5.0,5.0,,,,,,,,,,,Fail,Number of failures,4.0,1.0,1.0,5.0,1.0,4.0,5.0,5.0,,,,,,,,,,,2,Moderately knowledgeable,Yes,No,Yes,No,No,61001400237f51c3662bd5b4,education,1,4,3,1,bb,no_shap,dt,True,Fail,First year grade,Fail,First year grade,1,1,1,0,4.6,4.0,1.0,3.3333333333333335
107,2021-08-24 09:48:00,2021-08-24 09:57:14,IP Address,76.211.116.89,100,553,True,2021-08-24 09:57:15,R_3IW45Hamhe2QQ8R,,,,,35.717803955078125,-78.84279632568359375,anonymous,EN,0.89999997615814208984375,F_3DqDD3hJLwddMcW,signature.png,8557,image/png,6108092e51cc80cd7f954006,,,,,,,,,,,Fail,First year grade,4.0,4.0,4.0,2.0,4.0,4.0,3.0,2.0,,,,,,,,,,,Pass,First year grade,4.0,3.0,3.0,4.0,2.0,4.0,4.0,4.0,10,Slightly knowledgeable,No,No,Yes,No,No,6108092e51cc80cd7f954006,education,4,2,3,2,int,shap,lr,True,Fail,First year grade,Pass,First year grade,1,1,1,1,4.0,3.0,2.6666666666666665,4.0
108,2021-08-24 09:48:34,2021-08-24 09:57:21,IP Address,75.38.105.216,100,526,True,2021-08-24 09:57:22,R_cYEuYzJXh8t4qaJ,,,,,39.5272064208984375,-119.91290283203125,anonymous,EN,1,F_1lmbB45MP5LGlXz,signature.png,19189,image/png,61086989c6f620103c41a338,Fail,First year grade,5.0,2.0,2.0,5.0,2.0,4.0,5.0,5.0,,,,,,,,,,,,,,,,,,,,,Fail,First year grade,4.0,3.0,3.0,3.0,2.0,3.0,4.0,4.0,3.5,Slightly knowledgeable,Yes,No,Yes,No,No,61086989c6f620103c41a338,education,1,3,3,2,int,shap,dt,True,Fail,First year grade,Fail,First year grade,1,1,1,1,3.6,4.8,2.6666666666666665,2.0
109,2021-08-24 09:53:21,2021-08-24 10:03:42,IP Address,73.193.97.92,100,621,True,2021-08-24 10:03:43,R_3Rlv5RQedlG47cY,,,,,47.722900390625,-122.19609832763671875,anonymous,EN,1,F_1jqUUV3QdGdkV6X,signature.png,18650,image/png,5f133dabb6d33409b90e9c2f,Pass,Mother's education level,4.0,4.0,4.0,3.0,4.0,2.0,4.0,4.0,,,,,,,,,,,Fail,First year grade,5.0,4.0,4.0,3.0,3.0,4.0,4.0,5.0,,,,,,,,,,,3,Slightly knowledgeable,No,No,No,No,No,5f133dabb6d33409b90e9c2f,education,1,3,4,3,int,no_shap,dt,True,Pass,First year grade,Fail,First year grade,1,1,0,1,4.2,3.4,3.6666666666666665,4.0
110,2021-08-24 10:14:00,2021-08-24 10:18:46,IP Address,47.156.83.23,100,286,True,2021-08-24 10:18:47,R_3Msq5OUylLEBSmx,,,,,33.8307952880859375,-118.1125030517578125,anonymous,EN,1,F_QgqyCJF6bvEUfaF,signature.png,6890,image/png,6107177deac31dbfbd354a2e,Pass,Mother's education level,5.0,2.0,2.0,4.0,3.0,4.0,4.0,4.0,,,,,,,,,,,Fail,First year grade,4.0,3.0,3.0,4.0,3.0,4.0,4.0,4.0,,,,,,,,,,,20,Slightly knowledgeable,Yes,No,Yes,No,No,6107177deac31dbfbd354a2e,education,3,2,2,3,int,no_shap,dt,True,Pass,First year grade,Fail,First year grade,1,1,0,1,4.0,4.2,3.0,2.3333333333333335
111,2021-08-24 10:05:56,2021-08-24 10:19:54,IP Address,24.160.19.10,100,838,True,2021-08-24 10:19:55,R_WkTTFIcmnOa8X2F,,,,,33.8654022216796875,-98.52519989013671875,anonymous,EN,0.89999997615814208984375,F_2YsMgA5FCKMNrbD,signature.png,14307,image/png,5b92f80b2f777d000175da5c,Fail,First year grade,3.0,2.0,2.0,3.0,3.0,1.0,4.0,5.0,,,,,,,,,,,Pass,First year grade,5.0,2.0,2.0,4.0,2.0,3.0,4.0,5.0,,,,,,,,,,,3,Slightly knowledgeable,Yes,No,No,Yes,No,5b92f80b2f777d000175da5c,education,2,4,3,4,int,no_shap,dt,True,Fail,First year grade,Pass,First year grade,1,1,1,1,4.2,3.2,2.0,2.3333333333333335
112,2021-08-24 10:20:36,2021-08-24 10:27:03,IP Address,65.73.39.122,100,386,True,2021-08-24 10:27:04,R_1JXSY47ybu8C64p,,,,,41.049102783203125,-85.151397705078125,anonymous,EN,1,F_2cBNrAtmctxRSrl,signature.png,8115,image/png,60fff989b5b83a3e80be9ca9,Pass,Quality of family relationships,3.0,4.0,4.0,2.0,4.0,3.0,2.0,3.0,,,,,,,,,,,Fail,First year grade,4.0,2.0,2.0,4.0,2.0,4.0,4.0,4.0,,,,,,,,,,,5,Slightly knowledgeable,No,No,No,No,No,60fff989b5b83a3e80be9ca9,education,4,3,4,2,bb,no_shap,dt,True,Pass,First year grade,Pass,First year grade,1,0,0,1,4.0,2.6,2.0,4.0
113,2021-08-24 10:21:42,2021-08-24 10:35:23,IP Address,76.240.38.163,100,820,True,2021-08-24 10:35:24,R_O8VVWECjRTt1HFL,,,,,41.5052947998046875,-81.55660247802734375,anonymous,EN,1,F_2Blkx9GcrhiK74t,signature.png,12268,image/png,5b9c1a42c57b4b0001eedc61,,,,,,,,,,,Pass,Number of absences,3.0,5.0,5.0,1.0,3.0,4.0,2.0,4.0,Fail,First year grade,3.0,2.0,2.0,4.0,2.0,4.0,4.0,5.0,,,,,,,,,,,30,Moderately knowledgeable,Yes,No,No,No,No,5b9c1a42c57b4b0001eedc61,education,1,3,2,3,bb,no_shap,lr,True,Pass,First year grade,Fail,First year grade,1,1,0,1,4.0,2.8,2.0,4.333333333333333
114,2021-08-24 10:27:42,2021-08-24 10:36:01,IP Address,206.176.220.23,100,498,True,2021-08-24 10:36:02,R_1M6rrhRNzlPQOQH,,,,,44.37469482421875,-89.803497314453125,anonymous,EN,1,F_3KDdFXhWRPPXRrB,signature.png,19859,image/png,6111b04382b7b8effc8b2b27,,,,,,,,,,,Pass,First year grade,4.0,3.0,4.0,3.0,3.0,3.0,3.0,3.0,,,,,,,,,,,Pass,First year grade,4.0,4.0,4.0,2.0,4.0,4.0,3.0,3.0,2,Slightly knowledgeable,No,No,No,No,No,6111b04382b7b8effc8b2b27,education,4,1,4,2,bb,shap,lr,True,Pass,First year grade,Pass,First year grade,1,1,1,1,3.2,3.2,4.0,3.3333333333333335
115,2021-08-24 10:28:58,2021-08-24 10:38:55,IP Address,69.136.133.31,100,596,True,2021-08-24 10:38:55,R_PHEx2BGCjyyR2yR,,,,,42.3887939453125,-83.1894989013671875,anonymous,EN,1,F_1ogSPcEbvHZY8vf,signature.png,10339,image/png,61076ee38070ba807d31e919,Pass,First year grade,4.0,3.0,3.0,3.0,4.0,4.0,4.0,4.0,,,,,,,,,,,,,,,,,,,,,Fail,First year grade,4.0,4.0,4.0,3.0,3.0,2.0,4.0,3.0,4,Moderately knowledgeable,No,No,No,No,No,61076ee38070ba807d31e919,education,1,3,2,1,int,shap,dt,True,Pass,First year grade,Fail,First year grade,1,1,1,1,3.2,3.8,3.6666666666666665,3.3333333333333335
116,2021-08-24 10:34:05,2021-08-24 10:41:22,IP Address,198.209.39.125,100,437,True,2021-08-24 10:41:23,R_1QaT0asADB7KVBZ,,,,,36.612701416015625,-93.2335968017578125,anonymous,EN,1,F_1JPERbc8S3Wbg5U,signature.png,18799,image/png,60fdbd48902fa5a4e667eb0c,Pass,Mother's education level,1.0,5.0,5.0,1.0,5.0,1.0,1.0,1.0,,,,,,,,,,,,,,,,,,,,,Pass,First year grade,1.0,5.0,5.0,1.0,5.0,1.0,1.0,1.0,16,Not knowledgeable at all,No,No,Yes,No,No,60fdbd48902fa5a4e667eb0c,education,4,2,2,3,bb,shap,dt,True,Pass,First year grade,Pass,First year grade,1,1,0,1,1.0,1.0,5.0,5.0
117,2021-08-24 10:38:11,2021-08-24 10:44:12,IP Address,73.58.158.23,100,361,True,2021-08-24 10:44:13,R_1nPa9LAhgALGW3L,,,,,36.17889404296875,-86.803497314453125,anonymous,EN,1,F_1OVSILRhFxOvwGd,signature.png,5032,image/png,5aa3eff9873cda00010d570f,Pass,First year grade,4.0,4.0,2.0,4.0,2.0,2.0,5.0,5.0,,,,,,,,,,,Pass,First year grade,5.0,2.0,1.0,4.0,1.0,3.0,5.0,5.0,,,,,,,,,,,16,Knowledgeable,No,No,No,No,No,5aa3eff9873cda00010d570f,education,4,2,2,1,int,no_shap,dt,True,Pass,First year grade,Pass,First year grade,1,1,1,1,4.4,4.0,1.3333333333333333,2.6666666666666665
118,2021-08-24 10:38:51,2021-08-24 10:48:31,IP Address,24.210.22.16,100,580,True,2021-08-24 10:48:31,R_3et2vCPHRPtAPbk,,,,,39.3184051513671875,-82.1011962890625,anonymous,EN,1,F_2ffYQglnHMNGHnX,signature.png,9169,image/png,60f22ce19d3c98dacd6d464f,,,,,,,,,,,Pass,First year grade,4.0,4.0,4.0,2.0,4.0,3.0,3.0,2.0,Fail,First year grade,3.0,4.0,4.0,2.0,4.0,3.0,2.0,2.0,,,,,,,,,,,1,Slightly knowledgeable,No,No,Yes,No,No,60f22ce19d3c98dacd6d464f,education,1,4,4,2,int,no_shap,lr,True,Pass,First year grade,Fail,First year grade,1,1,1,1,2.4,2.8,4.0,4.0
119,2021-08-24 10:45:50,2021-08-24 10:51:28,IP Address,68.162.150.186,100,338,True,2021-08-24 10:51:29,R_2PpaypLDHO1l3Rm,,,,,40.4857940673828125,-80.016998291015625,anonymous,EN,1,F_z3c5T0kkw2eD4Rz,signature.png,12093,image/png,6107f36c4840fc01211df6e0,,,,,,,,,,,Pass,First year grade,4.0,4.0,4.0,2.0,4.0,4.0,3.0,4.0,,,,,,,,,,,Pass,First year grade,5.0,2.0,2.0,4.0,1.0,5.0,5.0,5.0,2,Slightly knowledgeable,No,No,No,No,No,6107f36c4840fc01211df6e0,education,4,2,4,2,bb,shap,lr,True,Pass,First year grade,Pass,First year grade,1,1,1,1,4.8,3.4,1.6666666666666667,4.0
120,2021-08-24 10:49:06,2021-08-24 10:56:44,IP Address,12.46.47.250,100,457,True,2021-08-24 10:56:45,R_3HLIl41hsyG25nZ,,,,,35.250396728515625,-96.6660003662109375,anonymous,EN,1,F_3pam8Im6eAhrDZO,signature.png,13138,image/png,60b6b4d12a9854d3385bc768,Fail,First year grade,4.0,4.0,3.0,2.0,3.0,2.0,4.0,4.0,,,,,,,,,,,,,,,,,,,,,Pass,First year grade,4.0,5.0,4.0,1.0,4.0,2.0,4.0,4.0,1,Slightly knowledgeable,No,No,Yes,No,No,60b6b4d12a9854d3385bc768,education,2,3,3,1,int,shap,dt,True,Fail,First year grade,Pass,First year grade,1,1,1,1,3.0,3.2,4.333333333333333,3.3333333333333335
121,2021-08-24 10:47:14,2021-08-24 10:58:07,IP Address,172.87.4.134,100,652,True,2021-08-24 10:58:08,R_RmmaY57herTwsNj,,,,,47.7783050537109375,-90.343597412109375,anonymous,EN,1,F_1l9R50MAD9bvdgl,signature.png,8501,image/png,561bbdf9811d22000df3138a,,,,,,,,,,,Pass,First year grade,5.0,2.0,2.0,4.0,2.0,5.0,5.0,5.0,,,,,,,,,,,Pass,First year grade,4.0,4.0,4.0,3.0,4.0,2.0,4.0,4.0,13,Not knowledgeable at all,No,No,No,No,No,561bbdf9811d22000df3138a,education,1,2,4,2,bb,shap,lr,True,Pass,First year grade,Fail,First year grade,1,0,1,1,3.4,4.8,4.0,2.0
122,2021-08-24 10:48:30,2021-08-24 11:03:24,IP Address,66.170.78.239,100,894,True,2021-08-24 11:03:25,R_5Ab5B4BL9pvL5pT,,,,,42.5977020263671875,-88.75299835205078125,anonymous,EN,0.89999997615814208984375,F_2wouHVixQPsyFkJ,signature.png,10196,image/png,610021e1bbdd0685e6822640,Fail,First year grade,4.0,2.0,3.0,4.0,1.0,2.0,4.0,4.0,,,,,,,,,,,Fail,First year grade,5.0,1.0,1.0,5.0,1.0,3.0,5.0,5.0,,,,,,,,,,,9,Moderately knowledgeable,Yes,Yes,Yes,Yes,No,610021e1bbdd0685e6822640,education,3,1,1,2,bb,no_shap,dt,True,Fail,First year grade,Fail,First year grade,1,1,1,1,4.6,3.6,1.0,2.0
123,2021-08-24 10:59:07,2021-08-24 11:05:28,IP Address,216.56.27.19,100,380,True,2021-08-24 11:05:29,R_2ypdnp4n4IyuGZ4,,,,,42.700897216796875,-88.54620361328125,anonymous,EN,1,F_3GcXjearViZFSDL,signature.png,8302,image/png,612252e1143216231e134d68,Fail,First year grade,4.0,4.0,4.0,2.0,4.0,4.0,2.0,5.0,,,,,,,,,,,,,,,,,,,,,Fail,First year grade,2.0,4.0,4.0,2.0,4.0,2.0,2.0,4.0,5,Not knowledgeable at all,Yes,No,Yes,No,No,612252e1143216231e134d68,education,3,4,3,4,int,shap,dt,True,Fail,First year grade,Fail,First year grade,1,1,1,1,2.4,3.4,4.0,4.0
124,2021-08-24 10:59:00,2021-08-24 11:06:30,IP Address,162.235.244.99,100,450,True,2021-08-24 11:06:31,R_33veLyQi1XxvfFl,,,,,41.7920074462890625,-88.1660003662109375,anonymous,EN,0.89999997615814208984375,F_uxNVmRujJanaceZ,signature.png,10147,image/png,5ee29028fb6eba3d81ebf0f9,,,,,,,,,,,Fail,First year grade,5.0,1.0,1.0,5.0,1.0,4.0,5.0,4.0,,,,,,,,,,,Fail,First year grade,5.0,2.0,2.0,4.0,2.0,4.0,4.0,4.0,1,Not knowledgeable at all,No,No,No,No,No,5ee29028fb6eba3d81ebf0f9,education,1,2,1,4,int,shap,lr,True,Fail,First year grade,Fail,First year grade,1,1,1,1,4.2,4.6,2.0,1.0
125,2021-08-24 11:04:59,2021-08-24 11:11:22,IP Address,69.112.206.125,100,383,True,2021-08-24 11:11:23,R_3qqhaPGeDMHkTSs,,,,,40.835205078125,-73.04340362548828125,anonymous,EN,1,F_2R2PNTvKyPAexrw,signature.png,16381,image/png,60fd7297b51b6c110faf723e,Pass,Mother's education level,4.0,4.0,4.0,4.0,4.0,4.0,4.0,4.0,,,,,,,,,,,Pass,First year grade,5.0,2.0,2.0,4.0,4.0,5.0,5.0,5.0,,,,,,,,,,,23,Slightly knowledgeable,No,No,No,No,No,60fd7297b51b6c110faf723e,education,2,4,1,2,bb,no_shap,dt,True,Fail,First year grade,Pass,First year grade,0,1,0,1,4.8,4.0,2.6666666666666665,4.0
126,2021-08-24 11:09:17,2021-08-24 11:16:28,IP Address,67.250.165.194,100,430,True,2021-08-24 11:16:29,R_6xmF9uegWjSOLfz,,,,,40.760894775390625,-73.9114990234375,anonymous,EN,1,F_1n8G0TMPDus3bxe,signature.png,10274,image/png,60ff1815e9e3b27ae9ef3dea,Fail,First year grade,5.0,2.0,3.0,4.0,2.0,4.0,5.0,4.0,,,,,,,,,,,Fail,First year grade,5.0,2.0,1.0,5.0,1.0,4.0,4.0,4.0,,,,,,,,,,,1,Slightly knowledgeable,Yes,No,Yes,No,No,60ff1815e9e3b27ae9ef3dea,education,1,2,1,2,int,no_shap,dt,True,Fail,First year grade,Fail,First year grade,1,1,1,1,4.4,4.4,1.3333333333333333,2.3333333333333335
127,2021-08-24 11:13:16,2021-08-24 11:18:28,IP Address,68.227.72.177,100,312,True,2021-08-24 11:18:29,R_RD1xI2Xhwmagb9T,,,,,29.9481048583984375,-90.207000732421875,anonymous,EN,1,F_1rqTLDorMLcmERp,signature.png,10449,image/png,61087a9d86da2b69f3eb9d1d,,,,,,,,,,,Fail,First year grade,4.0,4.0,3.0,3.0,3.0,4.0,4.0,4.0,Fail,First year grade,5.0,4.0,2.0,4.0,2.0,4.0,4.0,4.0,,,,,,,,,,,6,Slightly knowledgeable,Yes,No,No,No,No,61087a9d86da2b69f3eb9d1d,education,3,4,1,3,int,no_shap,lr,True,Fail,First year grade,Fail,First year grade,1,1,1,1,4.2,3.8,2.6666666666666665,3.3333333333333335
128,2021-08-24 10:59:17,2021-08-24 11:21:42,IP Address,69.180.88.166,100,1345,True,2021-08-24 11:21:43,R_1mUSxRSoOLsGfc3,,,,,29.823699951171875,-81.3240966796875,anonymous,EN,1,F_1Kf1ElIhCdQlKkq,signature.png,8997,image/png,602470bac74f8417d4a9b514,Fail,Mother's education level,3.0,2.0,3.0,2.0,2.0,5.0,4.0,5.0,,,,,,,,,,,I don't know,First year grade,3.0,2.0,4.0,3.0,2.0,4.0,3.0,4.0,,,,,,,,,,,12,Slightly knowledgeable,No,No,Yes,No,No,602470bac74f8417d4a9b514,education,1,3,1,4,int,no_shap,dt,True,Fail,First year grade,Fail,First year grade,1,0,0,1,3.4,3.8,2.6666666666666665,2.3333333333333335
129,2021-08-24 11:12:58,2021-08-24 11:22:20,IP Address,73.83.37.113,100,561,True,2021-08-24 11:22:21,R_3k09J5CC6BfYQTS,,,,,48.69140625,-122.413299560546875,anonymous,EN,1,F_1GBUKXvyFSMGpEc,signature.png,8648,image/png,61037f80e765f934241d4285,,,,,,,,,,,Fail,First year grade,5.0,2.0,2.0,4.0,5.0,5.0,5.0,5.0,,,,,,,,,,,Fail,First year grade,4.0,4.0,3.0,2.0,4.0,3.0,2.0,3.0,3,Moderately knowledgeable,No,No,No,No,No,61037f80e765f934241d4285,education,1,3,1,3,int,shap,lr,True,Fail,First year grade,Fail,First year grade,1,1,1,1,2.8,4.8,3.6666666666666665,3.0
130,2021-08-24 11:17:03,2021-08-24 11:26:22,IP Address,72.79.22.159,100,559,True,2021-08-24 11:26:23,R_2veqjgQUlK6KaFc,,,,,40.8184967041015625,-74.15889739990234375,anonymous,EN,1,F_Qc9ySZ1NTkbHsRj,signature.png,6438,image/png,5f919c44b2861d01ac284ea8,,,,,,,,,,,Fail,First year grade,4.0,2.0,2.0,4.0,2.0,4.0,4.0,5.0,,,,,,,,,,,Fail,First year grade,4.0,4.0,4.0,2.0,4.0,3.0,4.0,4.0,5,Moderately knowledgeable,Yes,No,Yes,No,No,5f919c44b2861d01ac284ea8,education,3,1,1,2,int,shap,lr,True,Fail,First year grade,Fail,First year grade,1,1,1,1,3.4,4.2,4.0,2.0
131,2021-08-24 11:25:05,2021-08-24 11:35:57,IP Address,173.62.3.77,100,652,True,2021-08-24 11:35:58,R_1NqvIoCgIJXrrqS,,,,,41.5404052734375,-73.8979034423828125,anonymous,EN,1,F_3kodlWoASoYF5ME,signature.png,12748,image/png,61085ecb96bc2a8c2bffa47f,,,,,,,,,,,Fail,First year grade,5.0,2.0,2.0,4.0,3.0,4.0,5.0,5.0,,,,,,,,,,,Pass,First year grade,4.0,2.0,2.0,4.0,4.0,2.0,4.0,4.0,13,Moderately knowledgeable,Yes,Yes,No,No,No,61085ecb96bc2a8c2bffa47f,education,2,4,1,4,bb,shap,lr,True,Fail,First year grade,Pass,First year grade,1,1,1,1,3.6,4.6,2.6666666666666665,2.3333333333333335
132,2021-08-24 12:00:51,2021-08-24 12:05:35,IP Address,74.102.144.227,100,284,True,2021-08-24 12:05:36,R_1jZhzEiPvDmIRVR,,,,,40.793792724609375,-74.48780059814453125,anonymous,EN,1,F_UF49jPAOz8Knu4p,signature.png,6502,image/png,61088eb3a37081224880c5c0,,,,,,,,,,,Fail,First year grade,4.0,3.0,3.0,3.0,2.0,2.0,4.0,4.0,,,,,,,,,,,Fail,Number of failures,4.0,2.0,2.0,3.0,3.0,2.0,4.0,4.0,1,Not knowledgeable at all,No,No,No,No,No,61088eb3a37081224880c5c0,education,2,3,2,4,bb,shap,lr,True,Pass,First year grade,Pass,First year grade,0,0,1,0,3.4,3.4,2.3333333333333335,2.6666666666666665
133,2021-08-24 12:07:33,2021-08-24 12:16:55,IP Address,68.44.168.24,100,562,True,2021-08-24 12:16:56,R_1F5tJKLoEuh5FAT,,,,,41.10699462890625,-85.0662994384765625,anonymous,EN,1,F_1LMCgPJgRuXn2Xa,signature.png,11306,image/png,607335a810ca68636e4172b7,,,,,,,,,,,Pass,First year grade,4.0,2.0,2.0,4.0,4.0,3.0,4.0,4.0,,,,,,,,,,,Fail,First year grade,2.0,4.0,4.0,2.0,4.0,2.0,2.0,2.0,3,Slightly knowledgeable,No,No,No,No,No,607335a810ca68636e4172b7,education,1,2,4,1,bb,shap,lr,True,Pass,First year grade,Fail,First year grade,1,1,1,1,2.0,3.8,4.0,2.6666666666666665
134,2021-08-24 12:11:14,2021-08-24 12:20:12,IP Address,129.219.21.162,100,538,True,2021-08-24 12:20:13,R_3kaC5OJYEpQrTIN,,,,,33.43060302734375,-111.92559814453125,anonymous,EN,1,F_3FRQADXTTWfz0W0,signature.png,12767,image/png,60fd1b406f19c75f3dffaa18,,,,,,,,,,,Pass,First year grade,5.0,4.0,4.0,3.0,5.0,5.0,4.0,5.0,Fail,Number of failures,3.0,4.0,4.0,4.0,5.0,5.0,4.0,5.0,,,,,,,,,,,1,Slightly knowledgeable,No,No,No,No,No,60fd1b406f19c75f3dffaa18,education,3,1,2,3,int,no_shap,lr,True,Pass,First year grade,Fail,First year grade,1,1,1,0,4.2,4.4,4.333333333333333,4.333333333333333
135,2021-08-24 12:31:11,2021-08-24 12:39:05,IP Address,184.153.148.237,100,474,True,2021-08-24 12:39:06,R_3fd7S9bqbc39Etv,,,,,44.7180938720703125,-68.61620330810546875,anonymous,EN,1,F_2OZOXiDzv5joeCm,signature.png,9448,image/png,5ec75df0d799ae1c11a8115c,,,,,,,,,,,Fail,First year grade,4.0,5.0,4.0,2.0,5.0,4.0,4.0,4.0,,,,,,,,,,,Pass,First year grade,5.0,4.0,2.0,4.0,2.0,4.0,4.0,4.0,1,Slightly knowledgeable,No,No,No,No,No,5ec75df0d799ae1c11a8115c,education,4,3,3,2,int,shap,lr,True,Fail,First year grade,Pass,First year grade,1,1,1,1,4.2,3.6,2.6666666666666665,4.666666666666667
136,2021-08-24 12:33:11,2021-08-24 12:41:53,IP Address,205.185.165.114,100,521,True,2021-08-24 12:41:54,R_1FhrTchzhJ5Qam4,,,,,35.996795654296875,-78.89550018310546875,anonymous,EN,1,F_1rIncIRLqfh5Fbr,signature.png,12009,image/png,60f5e7f8ab507c090c2048df,Pass,First year grade,4.0,2.0,2.0,4.0,4.0,2.0,4.0,4.0,,,,,,,,,,,Pass,First year grade,4.0,4.0,4.0,2.0,4.0,2.0,2.0,2.0,,,,,,,,,,,3,Slightly knowledgeable,No,No,Yes,No,No,60f5e7f8ab507c090c2048df,education,4,1,4,1,int,no_shap,dt,True,Pass,First year grade,Pass,First year grade,1,1,1,1,2.4,3.6,4.0,2.6666666666666665
137,2021-08-24 12:40:48,2021-08-24 12:49:37,IP Address,69.123.105.245,100,529,True,2021-08-24 12:49:38,R_2YidvPAFkY10TIn,,,,,41.1360015869140625,-73.40599822998046875,anonymous,EN,1,F_2bUzLmkkoaE4O5W,signature.png,8412,image/png,60fcd308ed9a6a969d097a75,Fail,First year grade,4.0,4.0,4.0,2.0,4.0,4.0,4.0,4.0,,,,,,,,,,,Pass,First year grade,4.0,5.0,5.0,2.0,4.0,4.0,4.0,4.0,,,,,,,,,,,16,Not knowledgeable at all,No,No,No,No,No,60fcd308ed9a6a969d097a75,education,2,4,3,1,int,no_shap,dt,True,Fail,First year grade,Pass,First year grade,1,1,1,1,3.6,3.6,4.666666666666667,4.0
138,2021-08-24 12:48:43,2021-08-24 12:54:45,IP Address,209.232.145.160,100,361,True,2021-08-24 12:54:45,R_2CeldeM8jBTxw7P,,,,,33.8404998779296875,-117.95259857177734375,anonymous,EN,1,F_3NLhLdVdaULEFYh,signature.png,9627,image/png,606b4092321de2bfbfa6b719,,,,,,,,,,,Pass,Number of absences,4.0,4.0,4.0,2.0,4.0,4.0,3.0,4.0,Fail,First year grade,3.0,3.0,3.0,3.0,3.0,3.0,4.0,4.0,,,,,,,,,,,15,Slightly knowledgeable,No,No,Yes,No,No,606b4092321de2bfbfa6b719,education,1,3,3,1,int,no_shap,lr,True,Fail,First year grade,Fail,First year grade,0,1,0,1,3.4,3.4,3.0,4.0
139,2021-08-24 12:55:24,2021-08-24 12:59:55,IP Address,24.237.69.193,100,271,True,2021-08-24 12:59:56,R_3r0vfsMGqJwXWq3,,,,,61.0988006591796875,-149.8076934814453125,anonymous,EN,1,F_3jcimajAC4WLbhM,signature.png,7852,image/png,60fdc51f642e61f253d04658,,,,,,,,,,,Fail,First year grade,4.0,4.0,5.0,3.0,3.0,3.0,3.0,3.0,Pass,First year grade,5.0,2.0,2.0,4.0,3.0,4.0,4.0,5.0,,,,,,,,,,,5,Moderately knowledgeable,No,No,Yes,No,No,60fdc51f642e61f253d04658,education,4,3,3,2,bb,no_shap,lr,True,Fail,First year grade,Pass,First year grade,1,1,1,1,4.4,3.2,2.3333333333333335,4.0
140,2021-08-24 12:56:44,2021-08-24 13:04:11,IP Address,70.189.103.190,100,446,True,2021-08-24 13:04:12,R_2TLen7o0MjCJqHE,,,,,36.134796142578125,-96.1405029296875,anonymous,EN,0.89999997615814208984375,F_2zeHXvgcXh6nQV7,signature.png,16633,image/png,5e5529ffd4c2b6526cb82340,Pass,Mother's education level,4.0,5.0,4.0,2.0,2.0,2.0,2.0,4.0,,,,,,,,,,,Pass,First year grade,5.0,2.0,2.0,4.0,1.0,4.0,4.0,4.0,,,,,,,,,,,26,Not knowledgeable at all,No,No,No,No,No,5e5529ffd4c2b6526cb82340,education,4,2,4,2,bb,no_shap,dt,True,Pass,First year grade,Pass,First year grade,1,1,0,1,4.2,2.8,1.6666666666666667,3.6666666666666665
141,2021-08-24 13:00:51,2021-08-24 13:08:23,IP Address,72.225.172.235,100,452,True,2021-08-24 13:08:24,R_2YJvuk5zv3FeFsd,,,,,40.7427978515625,-73.97119903564453125,anonymous,EN,0.89999997615814208984375,F_3CQqhd1E0bzsVSC,signature.png,21637,image/png,610b19b6e3c5163aa3d76515,Pass,First year grade,5.0,4.0,2.0,4.0,4.0,2.0,4.0,4.0,,,,,,,,,,,,,,,,,,,,,Pass,First year grade,5.0,2.0,2.0,4.0,2.0,2.0,4.0,4.0,8,Slightly knowledgeable,Yes,No,No,No,No,610b19b6e3c5163aa3d76515,education,4,2,2,3,int,shap,dt,True,Pass,First year grade,Pass,First year grade,1,1,1,1,3.8,3.8,2.0,3.3333333333333335
142,2021-08-24 13:04:52,2021-08-24 13:10:40,IP Address,99.29.156.221,100,347,True,2021-08-24 13:10:41,R_3hscC09gD2Jy6qv,,,,,41.3881072998046875,-81.43810272216796875,anonymous,EN,1,F_1dESYYmHzu0Ax4p,signature.png,9213,image/png,6117a2883986caedb7d8e7e0,,,,,,,,,,,Fail,First year grade,2.0,4.0,5.0,2.0,4.0,3.0,2.0,4.0,Pass,First year grade,1.0,2.0,2.0,4.0,2.0,3.0,4.0,4.0,,,,,,,,,,,21,Not knowledgeable at all,No,No,Yes,No,No,6117a2883986caedb7d8e7e0,education,2,4,2,3,bb,no_shap,lr,True,Pass,First year grade,Pass,First year grade,0,1,1,1,3.2,2.6,2.0,4.333333333333333
143,2021-08-24 13:09:08,2021-08-24 13:19:18,IP Address,24.103.196.178,100,609,True,2021-08-24 13:19:19,R_1ibaDjdDXf7TyOE,,,,,43.6479949951171875,-73.80539703369140625,anonymous,EN,0.89999997615814208984375,F_27varLKZLDb7mVw,signature.png,13084,image/png,61140da95009839723232a5e,I don't know,Mother's education level,2.0,5.0,4.0,2.0,4.0,2.0,3.0,1.0,,,,,,,,,,,,,,,,,,,,,Pass,First year grade,5.0,4.0,2.0,4.0,2.0,4.0,5.0,5.0,8,Slightly knowledgeable,No,No,No,No,No,61140da95009839723232a5e,education,2,3,3,2,bb,shap,dt,True,Fail,First year grade,Pass,First year grade,0,1,0,1,4.6,2.0,2.6666666666666665,4.333333333333333
144,2021-08-24 13:32:45,2021-08-24 13:42:15,IP Address,174.26.143.92,100,570,True,2021-08-24 13:42:16,R_1IJWYKRDlIv8fXI,,,,,33.5037994384765625,-112.025299072265625,anonymous,EN,1,F_3sghBMTZe9tBdp2,signature.png,7962,image/png,5e8e01b6835f3608583cd894,,,,,,,,,,,Pass,First year grade,5.0,4.0,4.0,4.0,5.0,2.0,4.0,4.0,Pass,First year grade,4.0,2.0,2.0,4.0,2.0,4.0,5.0,5.0,,,,,,,,,,,4,Slightly knowledgeable,Yes,No,Yes,No,No,5e8e01b6835f3608583cd894,education,2,4,4,3,bb,no_shap,lr,True,Pass,First year grade,Pass,First year grade,1,1,1,1,4.4,3.8,2.0,4.333333333333333
145,2021-08-24 13:24:49,2021-08-24 13:43:49,IP Address,151.200.19.14,100,1139,True,2021-08-24 13:43:50,R_2bKlTKdkfmoTPEJ,,,,,38.984100341796875,-77.3672027587890625,anonymous,EN,1,F_PUGtpe6flwra1lT,signature.png,2125,image/png,60dbe1ade399352be04a652d,,,,,,,,,,,Fail,First year grade,4.0,4.0,4.0,2.0,4.0,4.0,4.0,4.0,Pass,First year grade,4.0,4.0,4.0,2.0,4.0,4.0,4.0,4.0,,,,,,,,,,,22,Not knowledgeable at all,No,No,No,No,No,60dbe1ade399352be04a652d,education,2,1,3,2,int,no_shap,lr,True,Fail,First year grade,Pass,First year grade,1,1,1,1,3.6,3.6,4.0,4.0
146,2021-08-24 13:40:15,2021-08-24 13:49:12,IP Address,47.32.242.176,100,537,True,2021-08-24 13:49:13,R_2ffb0vgKw9S5fhE,,,,,30.14239501953125,-95.47170257568359375,anonymous,EN,0.89999997615814208984375,F_sX7ZFNMLljcUmA1,signature.png,10745,image/png,61110c0542cd52b0ca4e0132,Fail,First year grade,5.0,4.0,2.0,4.0,3.0,5.0,4.0,5.0,,,,,,,,,,,,,,,,,,,,,Fail,First year grade,5.0,4.0,2.0,4.0,3.0,4.0,4.0,5.0,21,Moderately knowledgeable,No,No,Yes,No,No,61110c0542cd52b0ca4e0132,education,1,4,1,4,int,shap,dt,True,Fail,First year grade,Fail,First year grade,1,1,1,1,4.4,4.6,3.0,3.0
147,2021-08-24 13:50:54,2021-08-24 14:01:44,IP Address,68.100.151.137,100,650,True,2021-08-24 14:01:45,R_3nUayOjhigiK7fZ,,,,,38.3000030517578125,-77.47389984130859375,anonymous,EN,1,F_3fcmwtOrcO4JW7G,signature.png,11475,image/png,61072bb0994edb6da025a11b,Pass,First year grade,4.0,4.0,4.0,2.0,5.0,2.0,2.0,2.0,,,,,,,,,,,,,,,,,,,,,Fail,First year grade,4.0,4.0,4.0,2.0,5.0,1.0,2.0,2.0,1,Moderately knowledgeable,No,No,Yes,No,No,61072bb0994edb6da025a11b,education,3,1,2,3,int,shap,dt,True,Pass,First year grade,Fail,First year grade,1,1,1,1,2.2,2.4,4.333333333333333,4.333333333333333
148,2021-08-24 13:58:48,2021-08-24 14:02:59,IP Address,96.244.222.202,100,251,True,2021-08-24 14:03:00,R_1NWnItEpC47vFQZ,,,,,39.2812042236328125,-76.7406005859375,anonymous,EN,0.89999997615814208984375,F_33ajHcrQa7ctQhr,signature.png,4408,image/png,611545776d3931006e1913eb,,,,,,,,,,,Fail,Number of absences,5.0,1.0,1.0,5.0,1.0,3.0,3.0,5.0,,,,,,,,,,,Pass,First year grade,2.0,4.0,4.0,2.0,5.0,2.0,3.0,3.0,5,Slightly knowledgeable,No,No,No,No,No,611545776d3931006e1913eb,education,1,2,3,2,bb,shap,lr,True,Fail,First year grade,Fail,First year grade,1,0,0,1,2.4,4.2,4.333333333333333,1.0
149,2021-08-25 09:52:59,2021-08-25 10:03:20,IP Address,75.73.34.101,100,621,True,2021-08-25 10:03:21,R_31nNE0IgHHbDlez,,,,,44.9709930419921875,-93.04979705810546875,anonymous,EN,1,F_2QmJRxedLzXeXp4,signature.png,5858,image/png,611096a1ffa9f5305a391d38,,,,,,,,,,,Fail,First year grade,4.0,5.0,4.0,2.0,4.0,3.0,3.0,2.0,,,,,,,,,,,Pass,First year grade,3.0,4.0,3.0,3.0,4.0,2.0,2.0,2.0,29,Slightly knowledgeable,Yes,No,Yes,No,No,611096a1ffa9f5305a391d38,education,4,1,1,4,int,shap,lr,True,Fail,First year grade,Pass,First year grade,1,1,1,1,2.4,2.8,3.6666666666666665,4.333333333333333
150,2021-08-25 09:51:59,2021-08-25 10:03:55,IP Address,74.194.103.109,100,716,True,2021-08-25 10:03:56,R_3dMotPfy84tzUGZ,,,,,30.171295166015625,-93.22440338134765625,anonymous,EN,1,F_3sziS5Tko7NG5ap,signature.png,10607,image/png,5e4a0a67110b3747ea173d60,Fail,First year grade,5.0,1.0,1.0,5.0,4.0,4.0,5.0,5.0,,,,,,,,,,,,,,,,,,,,,Pass,First year grade,5.0,3.0,3.0,2.0,4.0,3.0,4.0,5.0,30,Slightly knowledgeable,No,No,Yes,No,No,5e4a0a67110b3747ea173d60,education,4,1,1,2,int,shap,dt,True,Fail,First year grade,Pass,First year grade,1,1,1,1,3.8,4.8,3.3333333333333335,2.0
151,2021-08-25 10:05:21,2021-08-25 10:12:03,IP Address,75.161.213.250,100,402,True,2021-08-25 10:12:04,R_2dnmYDgPwme7jIK,,,,,35.187103271484375,-106.66590118408203125,anonymous,EN,0.89999997615814208984375,F_0igY9MqztYjgRI5,signature.png,13846,image/png,60fee29ad5bea2623e6759f4,Fail,First year grade,5.0,1.0,1.0,5.0,1.0,4.0,4.0,4.0,,,,,,,,,,,Fail,First year grade,4.0,3.0,3.0,4.0,2.0,3.0,4.0,4.0,,,,,,,,,,,3,Not knowledgeable at all,No,No,No,No,No,60fee29ad5bea2623e6759f4,education,1,2,1,4,bb,no_shap,dt,True,Fail,First year grade,Fail,First year grade,1,1,1,1,3.8,4.4,2.6666666666666665,1.0
152,2021-08-25 10:31:22,2021-08-25 10:36:51,IP Address,216.200.63.101,100,329,True,2021-08-25 10:36:52,R_2wigJk0p8p7jhIQ,,,,,32.848907470703125,-96.96669769287109375,anonymous,EN,1,F_2a8lhIrv9pBVHrz,signature.png,11391,image/png,6108409bb5481ca1abe7ecd2,,,,,,,,,,,Pass,First year grade,4.0,5.0,5.0,1.0,5.0,5.0,3.0,3.0,,,,,,,,,,,Pass,First year grade,4.0,4.0,4.0,2.0,4.0,3.0,3.0,3.0,1,Not knowledgeable at all,No,No,No,No,No,6108409bb5481ca1abe7ecd2,education,2,1,4,3,int,shap,lr,True,Pass,First year grade,Pass,First year grade,1,1,1,1,3.0,3.2,4.0,5.0
153,2021-08-25 10:35:38,2021-08-25 10:40:18,IP Address,73.97.160.160,100,280,True,2021-08-25 10:40:19,R_2s14JxHvtLGhYFe,,,,,47.6732940673828125,-122.3426055908203125,anonymous,EN,1,F_z2tZVl0c6qiizkZ,signature.png,10556,image/png,6100e02dc8da880a51bf1c7d,,,,,,,,,,,Pass,First year grade,4.0,4.0,4.0,3.0,4.0,4.0,4.0,4.0,,,,,,,,,,,Fail,First year grade,4.0,4.0,3.0,3.0,4.0,4.0,4.0,4.0,3,Slightly knowledgeable,No,No,Yes,No,No,6100e02dc8da880a51bf1c7d,education,1,4,3,2,bb,shap,lr,True,Fail,First year grade,Fail,First year grade,0,1,1,1,3.8,3.8,3.6666666666666665,4.0
154,2021-08-25 10:26:10,2021-08-25 10:44:40,IP Address,151.197.58.73,100,1110,True,2021-08-25 10:44:41,R_1IMWIMm2YbLedzm,,,,,40.0355987548828125,-75.176300048828125,anonymous,EN,1,F_UYm0BD40Pf3UvHX,signature.png,15903,image/png,6106d89e12c417717aed123a,Pass,First year grade,4.0,3.0,3.0,4.0,4.0,3.0,5.0,5.0,,,,,,,,,,,Fail,First year grade,4.0,5.0,4.0,2.0,3.0,2.0,3.0,4.0,,,,,,,,,,,4,Slightly knowledgeable,No,No,No,No,No,6106d89e12c417717aed123a,education,1,4,2,4,int,no_shap,dt,True,Pass,First year grade,Fail,First year grade,1,1,1,1,3.0,4.2,4.0,3.3333333333333335
155,2021-08-25 10:46:17,2021-08-25 10:53:17,IP Address,198.72.210.206,100,420,True,2021-08-25 10:53:18,R_2abpYUXe6Si4EB2,,,,,34.252593994140625,-118.28820037841796875,anonymous,EN,1,F_2E6kt8uR1t81koA,signature.png,10064,image/png,611e96a8fa05050b7c9efdd5,,,,,,,,,,,Pass,First year grade,4.0,4.0,2.0,4.0,2.0,4.0,4.0,4.0,,,,,,,,,,,Fail,First year grade,5.0,2.0,2.0,4.0,2.0,4.0,4.0,4.0,10,Moderately knowledgeable,Yes,No,Yes,No,No,611e96a8fa05050b7c9efdd5,education,3,2,2,3,bb,shap,lr,True,Pass,First year grade,Fail,First year grade,1,1,1,1,4.2,4.0,2.0,2.6666666666666665
156,2021-08-25 10:49:41,2021-08-25 10:54:27,IP Address,73.109.43.224,100,286,True,2021-08-25 10:54:28,R_1LOPc0QMJrC7yoG,,,,,46.99609375,-122.73809814453125,anonymous,EN,0.89999997615814208984375,F_3fOZqMsZ5ygciHr,signature.png,15642,image/png,60e498712f548b22f3ec7c65,,,,,,,,,,,Pass,Number of absences,1.0,3.0,5.0,1.0,4.0,4.0,2.0,4.0,Pass,Number of absences,3.0,3.0,3.0,2.0,4.0,4.0,2.0,4.0,,,,,,,,,,,10,Not knowledgeable at all,No,No,No,No,No,60e498712f548b22f3ec7c65,education,4,1,2,1,int,no_shap,lr,True,Pass,First year grade,Pass,First year grade,1,1,0,0,3.0,2.4,3.3333333333333335,4.0
157,2021-08-25 10:49:12,2021-08-25 10:56:10,IP Address,216.10.176.215,100,418,True,2021-08-25 10:56:11,R_vAbEWuo8xOmGCAh,,,,,43.5453948974609375,-71.4069976806640625,anonymous,EN,1,F_vdbVlKwjnA4FQRj,signature.png,13336,image/png,6101d91477752dbb2e72baa5,,,,,,,,,,,Fail,First year grade,2.0,4.0,5.0,2.0,2.0,3.0,3.0,4.0,Pass,First year grade,4.0,4.0,4.0,2.0,2.0,4.0,3.0,4.0,,,,,,,,,,,3,Slightly knowledgeable,No,No,No,No,No,6101d91477752dbb2e72baa5,education,4,1,2,3,bb,no_shap,lr,True,Pass,First year grade,Pass,First year grade,0,1,1,1,3.4,2.8,3.3333333333333335,3.6666666666666665
158,2021-08-25 11:03:16,2021-08-25 11:15:33,IP Address,68.112.7.69,100,737,True,2021-08-25 11:15:34,R_UWu4EFbVBo6vyUN,,,,,38.67059326171875,-90.3704986572265625,anonymous,EN,1,F_2Suf0nXh2GZZU0P,signature.png,11539,image/png,5fbda708e368851d517637de,Pass,First year grade,5.0,4.0,4.0,3.0,2.0,4.0,4.0,4.0,,,,,,,,,,,Pass,First year grade,4.0,3.0,3.0,4.0,2.0,4.0,4.0,4.0,,,,,,,,,,,5,Slightly knowledgeable,Yes,No,Yes,No,No,5fbda708e368851d517637de,education,2,3,2,3,int,no_shap,dt,True,Pass,First year grade,Pass,First year grade,1,1,1,1,4.0,4.0,2.6666666666666665,3.3333333333333335
159,2021-08-25 11:07:01,2021-08-25 11:17:32,IP Address,71.197.185.135,100,630,True,2021-08-25 11:17:32,R_2WOqQPdnDMGAEqw,,,,,47.6858978271484375,-122.29940032958984375,anonymous,EN,1,F_3EFk3302BN23XdC,signature.png,15004,image/png,6109f4986d963a1eaf609765,,,,,,,,,,,Pass,First year grade,4.0,4.0,4.0,4.0,4.0,5.0,4.0,5.0,Pass,First year grade,5.0,4.0,3.0,4.0,2.0,4.0,4.0,5.0,,,,,,,,,,,4,Moderately knowledgeable,No,No,Yes,No,No,6109f4986d963a1eaf609765,education,4,3,4,1,int,no_shap,lr,True,Pass,First year grade,Pass,First year grade,1,1,1,1,4.4,4.4,3.0,4.0
160,2021-08-25 11:18:55,2021-08-25 11:24:38,IP Address,209.237.126.156,100,342,True,2021-08-25 11:24:39,R_25GjiiU7EJCYaGE,,,,,44.911407470703125,-93.48979949951171875,anonymous,EN,1,F_2yfIXzLT1o1A5K5,signature.png,13263,image/png,60fe09fe7838ef11f5076f17,,,,,,,,,,,Pass,First year grade,5.0,4.0,4.0,2.0,5.0,4.0,2.0,2.0,,,,,,,,,,,Fail,First year grade,5.0,3.0,3.0,4.0,4.0,4.0,4.0,2.0,4,Not knowledgeable at all,No,No,Yes,No,No,60fe09fe7838ef11f5076f17,education,3,4,4,3,bb,shap,lr,True,Pass,First year grade,Fail,First year grade,1,1,1,1,3.8,3.0,3.3333333333333335,4.333333333333333
